Submission ID,Submission Date,Month,Activity,Modality,Checklist Type,Entity,Monitor Name,Woreda,FDP/Site Name,Partner,Latitude,Longitude,GPS,Duration Minutes,Valid Submission
SUB-00001,2026-01-13,January,Activity 1 Relief,Food,Beneficiary Contact Monitoring,TPM,TPM Monitor 3,Awbare,Awbare FDP 01,,9.38477,42.770321,"9.38477, 42.770321",40,Yes
SUB-00002,2026-01-08,January,Activity 1 Relief,Food,Beneficiary Contact Monitoring,TPM,TPM Monitor 5,Awbare,Awbare FDP 01,,9.38477,42.770321,"9.38477, 42.770321",61,Yes
SUB-00003,2026-01-25,January,Activity 1 Relief,Food,Beneficiary Contact Monitoring,TPM,TPM Monitor 4,Awbare,Awbare FDP 01,,9.38477,42.770321,"9.38477, 42.770321",17,Yes
SUB-00004,2026-01-16,January,Activity 1 Relief,Food,Beneficiary Contact Monitoring,TPM,TPM Monitor 3,Awbare,Awbare FDP 01,,9.38477,42.770321,"9.38477, 42.770321",42,Yes
SUB-00005,2026-01-21,January,Activity 1 Relief,Food,Beneficiary Contact Monitoring,TPM,TPM Monitor 1,Awbare,Awbare FDP 01,,9.38477,42.770321,"9.38477, 42.770321",46,Yes
SUB-00006,2026-01-15,January,Activity 1 Relief,Food,Food Basket Monitoring,TPM,TPM Monitor 8,Awbare,Awbare FDP 01,,9.38477,42.770321,"9.38477, 42.770321",9,Yes
SUB-00007,2026-01-08,January,Activity 1 Relief,Food,Food Basket Monitoring,TPM,TPM Monitor 6,Awbare,Awbare FDP 01,,9.38477,42.770321,"9.38477, 42.770321",64,Yes
SUB-00008,2026-01-14,January,Activity 1 Relief,Food,Food Basket Monitoring,TPM,TPM Monitor 4,Awbare,Awbare FDP 01,,9.38477,42.770321,"9.38477, 42.770321",11,Yes
SUB-00009,2026-01-12,January,Activity 1 Relief,Food,Food Basket Monitoring,TPM,TPM Monitor 2,Awbare,Awbare FDP 01,,9.38477,42.770321,"9.38477, 42.770321",13,Yes
SUB-00010,2026-01-28,January,Activity 1 Relief,Food,Food Basket Monitoring,TPM,TPM Monitor 8,Awbare,Awbare FDP 01,,9.38477,42.770321,"9.38477, 42.770321",60,Yes
SUB-00011,2026-01-07,January,Activity 1 Relief,Food,Warehouse Monitoring,TPM,TPM Monitor 3,Awbare,Awbare FDP 01,,9.38477,42.770321,"9.38477, 42.770321",16,Yes
SUB-00012,2026-01-26,January,Activity 1 Relief,Food,Distribution Observation,TPM,TPM Monitor 8,Awbare,Awbare FDP 01,,9.38477,42.770321,"9.38477, 42.770321",43,Yes
SUB-00013,2026-01-10,January,Activity 1 Relief,Food,Partner Performance Monitoring,TPM,TPM Monitor 5,Awbare,Awbare FDP 01,,9.38477,42.770321,"9.38477, 42.770321",41,Yes
SUB-00014,2026-01-24,January,Activity 1 Relief,Food,Beneficiary Contact Monitoring,WFP,WFP Monitor 7,Awbare,Awbare FDP 02,,9.395338,42.886612,"9.395338, 42.886612",21,Yes
SUB-00015,2026-01-22,January,Activity 1 Relief,Food,Beneficiary Contact Monitoring,WFP,WFP Monitor 4,Awbare,Awbare FDP 02,,9.395338,42.886612,"9.395338, 42.886612",53,Yes
SUB-00016,2026-01-14,January,Activity 1 Relief,Food,Beneficiary Contact Monitoring,WFP,WFP Monitor 7,Awbare,Awbare FDP 02,,9.395338,42.886612,"9.395338, 42.886612",50,Yes
SUB-00017,2026-01-25,January,Activity 1 Relief,Food,Beneficiary Contact Monitoring,WFP,WFP Monitor 6,Awbare,Awbare FDP 02,,9.395338,42.886612,"9.395338, 42.886612",36,Yes
SUB-00018,2026-01-21,January,Activity 1 Relief,Food,Food Basket Monitoring,WFP,WFP Monitor 8,Awbare,Awbare FDP 02,,9.395338,42.886612,"9.395338, 42.886612",15,Yes
SUB-00019,2026-01-12,January,Activity 1 Relief,Food,Food Basket Monitoring,WFP,WFP Monitor 4,Awbare,Awbare FDP 02,,9.395338,42.886612,"9.395338, 42.886612",12,Yes
SUB-00020,2026-01-15,January,Activity 1 Relief,Food,Food Basket Monitoring,WFP,WFP Monitor 1,Awbare,Awbare FDP 02,,9.395338,42.886612,"9.395338, 42.886612",45,Yes
SUB-00021,2026-01-22,January,Activity 1 Relief,Food,Food Basket Monitoring,WFP,WFP Monitor 4,Awbare,Awbare FDP 02,,9.395338,42.886612,"9.395338, 42.886612",45,Yes
SUB-00022,2026-01-12,January,Activity 1 Relief,Food,Warehouse Monitoring,WFP,WFP Monitor 1,Awbare,Awbare FDP 02,,9.395338,42.886612,"9.395338, 42.886612",12,Yes
SUB-00023,2026-01-27,January,Activity 1 Relief,Food,Distribution Observation,WFP,WFP Monitor 1,Awbare,Awbare FDP 02,,9.395338,42.886612,"9.395338, 42.886612",22,Yes
SUB-00024,2026-01-07,January,Activity 1 Relief,Food,Beneficiary Contact Monitoring,TPM,TPM Monitor 1,Awbare,Awbare FDP 03,,9.333609,42.76361,"9.333609, 42.76361",63,Yes
SUB-00025,2026-01-15,January,Activity 1 Relief,Food,Beneficiary Contact Monitoring,TPM,TPM Monitor 2,Awbare,Awbare FDP 03,,9.333609,42.76361,"9.333609, 42.76361",40,Yes
SUB-00026,2026-01-12,January,Activity 1 Relief,Food,Beneficiary Contact Monitoring,TPM,TPM Monitor 5,Awbare,Awbare FDP 03,,9.333609,42.76361,"9.333609, 42.76361",50,Yes
SUB-00027,2026-01-20,January,Activity 1 Relief,Food,Beneficiary Contact Monitoring,TPM,TPM Monitor 4,Awbare,Awbare FDP 03,,9.333609,42.76361,"9.333609, 42.76361",42,Yes
SUB-00028,2026-01-09,January,Activity 1 Relief,Food,Beneficiary Contact Monitoring,TPM,TPM Monitor 8,Awbare,Awbare FDP 03,,9.333609,42.76361,"9.333609, 42.76361",23,Yes
SUB-00029,2026-01-20,January,Activity 1 Relief,Food,Food Basket Monitoring,TPM,TPM Monitor 7,Awbare,Awbare FDP 03,,9.333609,42.76361,"9.333609, 42.76361",20,Yes
SUB-00030,2026-01-08,January,Activity 1 Relief,Food,Food Basket Monitoring,TPM,TPM Monitor 2,Awbare,Awbare FDP 03,,9.333609,42.76361,"9.333609, 42.76361",50,Yes
SUB-00031,2026-01-18,January,Activity 1 Relief,Food,Food Basket Monitoring,TPM,TPM Monitor 6,Awbare,Awbare FDP 03,,9.333609,42.76361,"9.333609, 42.76361",35,Yes
SUB-00032,2026-01-18,January,Activity 1 Relief,Food,Food Basket Monitoring,TPM,TPM Monitor 8,Awbare,Awbare FDP 03,,9.333609,42.76361,"9.333609, 42.76361",63,Yes
SUB-00033,2026-01-28,January,Activity 1 Relief,Food,Warehouse Monitoring,TPM,TPM Monitor 1,Awbare,Awbare FDP 03,,9.333609,42.76361,"9.333609, 42.76361",51,Yes
SUB-00034,2026-01-25,January,Activity 1 Relief,Food,Distribution Observation,TPM,TPM Monitor 2,Awbare,Awbare FDP 03,,9.333609,42.76361,"9.333609, 42.76361",11,Yes
SUB-00035,2026-01-17,January,Activity 1 Relief,Food,Partner Performance Monitoring,TPM,TPM Monitor 6,Awbare,Awbare FDP 03,,9.333609,42.76361,"9.333609, 42.76361",59,Yes
SUB-00036,2026-01-08,January,Activity 1 Relief,Food,Beneficiary Contact Monitoring,TPM,TPM Monitor 4,Awbare,Awbare FDP 04,,9.460545,42.83372,"9.460545, 42.83372",20,Yes
SUB-00037,2026-01-11,January,Activity 1 Relief,Food,Beneficiary Contact Monitoring,TPM,TPM Monitor 8,Awbare,Awbare FDP 04,,9.460545,42.83372,"9.460545, 42.83372",16,Yes
SUB-00038,2026-01-18,January,Activity 1 Relief,Food,Beneficiary Contact Monitoring,TPM,TPM Monitor 3,Awbare,Awbare FDP 04,,9.460545,42.83372,"9.460545, 42.83372",25,Yes
SUB-00039,2026-01-19,January,Activity 1 Relief,Food,Beneficiary Contact Monitoring,TPM,TPM Monitor 4,Awbare,Awbare FDP 04,,9.460545,42.83372,"9.460545, 42.83372",63,Yes
SUB-00040,2026-01-07,January,Activity 1 Relief,Food,Beneficiary Contact Monitoring,TPM,TPM Monitor 8,Awbare,Awbare FDP 04,,9.460545,42.83372,"9.460545, 42.83372",59,Yes
SUB-00041,2026-01-22,January,Activity 1 Relief,Food,Food Basket Monitoring,TPM,TPM Monitor 2,Awbare,Awbare FDP 04,,9.460545,42.83372,"9.460545, 42.83372",11,Yes
SUB-00042,2026-01-25,January,Activity 1 Relief,Food,Food Basket Monitoring,TPM,TPM Monitor 1,Awbare,Awbare FDP 04,,9.460545,42.83372,"9.460545, 42.83372",13,Yes
SUB-00043,2026-01-12,January,Activity 1 Relief,Food,Food Basket Monitoring,TPM,TPM Monitor 3,Awbare,Awbare FDP 04,,9.460545,42.83372,"9.460545, 42.83372",34,Yes
SUB-00044,2026-01-20,January,Activity 1 Relief,Food,Food Basket Monitoring,TPM,TPM Monitor 8,Awbare,Awbare FDP 04,,9.460545,42.83372,"9.460545, 42.83372",21,Yes
SUB-00045,2026-01-17,January,Activity 1 Relief,Food,Food Basket Monitoring,TPM,TPM Monitor 1,Awbare,Awbare FDP 04,,9.460545,42.83372,"9.460545, 42.83372",18,Yes
SUB-00046,2026-01-17,January,Activity 1 Relief,Food,Food Basket Monitoring,TPM,TPM Monitor 1,Awbare,Awbare FDP 04,,9.460545,42.83372,"9.460545, 42.83372",32,Yes
SUB-00047,2026-01-13,January,Activity 1 Relief,Food,Warehouse Monitoring,TPM,TPM Monitor 8,Awbare,Awbare FDP 04,,9.460545,42.83372,"9.460545, 42.83372",26,Yes
SUB-00048,2026-01-18,January,Activity 1 Relief,Food,Distribution Observation,TPM,TPM Monitor 8,Awbare,Awbare FDP 04,,9.460545,42.83372,"9.460545, 42.83372",17,Yes
SUB-00049,2026-01-11,January,Activity 1 Relief,Food,Partner Performance Monitoring,TPM,TPM Monitor 5,Awbare,Awbare FDP 04,,9.460545,42.83372,"9.460545, 42.83372",21,Yes
SUB-00050,2026-01-06,January,Activity 1 Relief,Food,Beneficiary Contact Monitoring,TPM,TPM Monitor 1,Awbare,Awbare FDP 05,,9.317137,42.817979,"9.317137, 42.817979",55,Yes
SUB-00051,2026-01-15,January,Activity 1 Relief,Food,Beneficiary Contact Monitoring,TPM,TPM Monitor 1,Awbare,Awbare FDP 05,,9.317137,42.817979,"9.317137, 42.817979",11,Yes
SUB-00052,2026-01-23,January,Activity 1 Relief,Food,Beneficiary Contact Monitoring,TPM,TPM Monitor 8,Awbare,Awbare FDP 05,,9.317137,42.817979,"9.317137, 42.817979",40,Yes
SUB-00053,2026-01-21,January,Activity 1 Relief,Food,Beneficiary Contact Monitoring,TPM,TPM Monitor 3,Awbare,Awbare FDP 05,,9.317137,42.817979,"9.317137, 42.817979",11,Yes
SUB-00054,2026-01-21,January,Activity 1 Relief,Food,Beneficiary Contact Monitoring,TPM,TPM Monitor 2,Awbare,Awbare FDP 05,,9.317137,42.817979,"9.317137, 42.817979",62,Yes
SUB-00055,2026-01-10,January,Activity 1 Relief,Food,Beneficiary Contact Monitoring,TPM,TPM Monitor 2,Awbare,Awbare FDP 05,,9.317137,42.817979,"9.317137, 42.817979",46,Yes
SUB-00056,2026-01-07,January,Activity 1 Relief,Food,Food Basket Monitoring,TPM,TPM Monitor 4,Awbare,Awbare FDP 05,,9.317137,42.817979,"9.317137, 42.817979",33,Yes
SUB-00057,2026-01-08,January,Activity 1 Relief,Food,Food Basket Monitoring,TPM,TPM Monitor 4,Awbare,Awbare FDP 05,,9.317137,42.817979,"9.317137, 42.817979",45,Yes
SUB-00058,2026-01-24,January,Activity 1 Relief,Food,Food Basket Monitoring,TPM,TPM Monitor 1,Awbare,Awbare FDP 05,,9.317137,42.817979,"9.317137, 42.817979",47,Yes
SUB-00059,2026-01-07,January,Activity 1 Relief,Food,Food Basket Monitoring,TPM,TPM Monitor 7,Awbare,Awbare FDP 05,,9.317137,42.817979,"9.317137, 42.817979",50,Yes
SUB-00060,2026-01-23,January,Activity 1 Relief,Food,Food Basket Monitoring,TPM,TPM Monitor 6,Awbare,Awbare FDP 05,,9.317137,42.817979,"9.317137, 42.817979",24,Yes
SUB-00061,2026-01-11,January,Activity 1 Relief,Food,Warehouse Monitoring,TPM,TPM Monitor 6,Awbare,Awbare FDP 05,,9.317137,42.817979,"9.317137, 42.817979",23,Yes
SUB-00062,2026-01-13,January,Activity 1 Relief,Food,Distribution Observation,TPM,TPM Monitor 7,Awbare,Awbare FDP 05,,9.317137,42.817979,"9.317137, 42.817979",16,Yes
SUB-00063,2026-01-26,January,Activity 1 Relief,Food,Beneficiary Contact Monitoring,TPM,TPM Monitor 5,Awbare,Awbare FDP 06,,9.317561,42.747399,"9.317561, 42.747399",37,Yes
SUB-00064,2026-01-15,January,Activity 1 Relief,Food,Beneficiary Contact Monitoring,TPM,TPM Monitor 2,Awbare,Awbare FDP 06,,9.317561,42.747399,"9.317561, 42.747399",8,Yes
SUB-00065,2026-01-19,January,Activity 1 Relief,Food,Beneficiary Contact Monitoring,TPM,TPM Monitor 2,Awbare,Awbare FDP 06,,9.317561,42.747399,"9.317561, 42.747399",12,Yes
SUB-00066,2026-01-22,January,Activity 1 Relief,Food,Beneficiary Contact Monitoring,TPM,TPM Monitor 4,Awbare,Awbare FDP 06,,9.317561,42.747399,"9.317561, 42.747399",40,Yes
SUB-00067,2026-01-13,January,Activity 1 Relief,Food,Beneficiary Contact Monitoring,TPM,TPM Monitor 3,Awbare,Awbare FDP 06,,9.317561,42.747399,"9.317561, 42.747399",30,Yes
SUB-00068,2026-01-07,January,Activity 1 Relief,Food,Beneficiary Contact Monitoring,TPM,TPM Monitor 4,Awbare,Awbare FDP 06,,9.317561,42.747399,"9.317561, 42.747399",31,Yes
SUB-00069,2026-01-14,January,Activity 1 Relief,Food,Food Basket Monitoring,TPM,TPM Monitor 3,Awbare,Awbare FDP 06,,9.317561,42.747399,"9.317561, 42.747399",36,Yes
SUB-00070,2026-01-22,January,Activity 1 Relief,Food,Food Basket Monitoring,TPM,TPM Monitor 5,Awbare,Awbare FDP 06,,9.317561,42.747399,"9.317561, 42.747399",47,Yes
SUB-00071,2026-01-25,January,Activity 1 Relief,Food,Food Basket Monitoring,TPM,TPM Monitor 1,Awbare,Awbare FDP 06,,9.317561,42.747399,"9.317561, 42.747399",50,Yes
SUB-00072,2026-01-22,January,Activity 1 Relief,Food,Food Basket Monitoring,TPM,TPM Monitor 5,Awbare,Awbare FDP 06,,9.317561,42.747399,"9.317561, 42.747399",50,Yes
SUB-00073,2026-01-08,January,Activity 1 Relief,Food,Food Basket Monitoring,TPM,TPM Monitor 3,Awbare,Awbare FDP 06,,9.317561,42.747399,"9.317561, 42.747399",24,Yes
SUB-00074,2026-01-08,January,Activity 1 Relief,Food,Food Basket Monitoring,TPM,TPM Monitor 2,Awbare,Awbare FDP 06,,9.317561,42.747399,"9.317561, 42.747399",55,Yes
SUB-00075,2026-01-22,January,Activity 1 Relief,Food,Warehouse Monitoring,TPM,TPM Monitor 3,Awbare,Awbare FDP 06,,9.317561,42.747399,"9.317561, 42.747399",25,Yes
SUB-00076,2026-01-14,January,Activity 1 Relief,Food,Distribution Observation,TPM,TPM Monitor 4,Awbare,Awbare FDP 06,,9.317561,42.747399,"9.317561, 42.747399",53,Yes
SUB-00077,2026-01-15,January,Activity 1 Relief,Food,Partner Performance Monitoring,TPM,TPM Monitor 4,Awbare,Awbare FDP 06,,9.317561,42.747399,"9.317561, 42.747399",51,Yes
SUB-00078,2026-01-25,January,Activity 1 Relief,Food,Beneficiary Contact Monitoring,TPM,TPM Monitor 5,Awbare,Awbare FDP 07,,9.366937,42.64607,"9.366937, 42.64607",40,Yes
SUB-00079,2026-01-20,January,Activity 1 Relief,Food,Beneficiary Contact Monitoring,TPM,TPM Monitor 5,Awbare,Awbare FDP 07,,9.366937,42.64607,"9.366937, 42.64607",65,Yes
SUB-00080,2026-01-06,January,Activity 1 Relief,Food,Beneficiary Contact Monitoring,TPM,TPM Monitor 2,Awbare,Awbare FDP 07,,9.366937,42.64607,"9.366937, 42.64607",48,Yes
SUB-00081,2026-01-18,January,Activity 1 Relief,Food,Beneficiary Contact Monitoring,TPM,TPM Monitor 5,Awbare,Awbare FDP 07,,9.366937,42.64607,"9.366937, 42.64607",10,Yes
SUB-00082,2026-01-05,January,Activity 1 Relief,Food,Food Basket Monitoring,TPM,TPM Monitor 6,Awbare,Awbare FDP 07,,9.366937,42.64607,"9.366937, 42.64607",57,Yes
SUB-00083,2026-01-09,January,Activity 1 Relief,Food,Food Basket Monitoring,TPM,TPM Monitor 5,Awbare,Awbare FDP 07,,9.366937,42.64607,"9.366937, 42.64607",18,Yes
SUB-00084,2026-01-28,January,Activity 1 Relief,Food,Food Basket Monitoring,TPM,TPM Monitor 8,Awbare,Awbare FDP 07,,9.366937,42.64607,"9.366937, 42.64607",43,Yes
SUB-00085,2026-01-27,January,Activity 1 Relief,Food,Food Basket Monitoring,TPM,TPM Monitor 7,Awbare,Awbare FDP 07,,9.366937,42.64607,"9.366937, 42.64607",43,Yes
SUB-00086,2026-01-05,January,Activity 1 Relief,Food,Food Basket Monitoring,TPM,TPM Monitor 2,Awbare,Awbare FDP 07,,9.366937,42.64607,"9.366937, 42.64607",12,Yes
SUB-00087,2026-01-27,January,Activity 1 Relief,Food,Warehouse Monitoring,TPM,TPM Monitor 3,Awbare,Awbare FDP 07,,9.366937,42.64607,"9.366937, 42.64607",42,Yes
SUB-00088,2026-01-06,January,Activity 1 Relief,Food,Distribution Observation,TPM,TPM Monitor 6,Awbare,Awbare FDP 07,,9.366937,42.64607,"9.366937, 42.64607",45,Yes
SUB-00089,2026-01-22,January,Activity 1 Relief,Food,Partner Performance Monitoring,TPM,TPM Monitor 3,Awbare,Awbare FDP 07,,9.366937,42.64607,"9.366937, 42.64607",35,Yes
SUB-00090,2026-01-09,January,Activity 1 Relief,Food,Beneficiary Contact Monitoring,WFP,WFP Monitor 1,Awbare,Awbare FDP 08,,9.229256,42.74064,"9.229256, 42.74064",27,Yes
SUB-00091,2026-01-16,January,Activity 1 Relief,Food,Beneficiary Contact Monitoring,WFP,WFP Monitor 1,Awbare,Awbare FDP 08,,9.229256,42.74064,"9.229256, 42.74064",65,Yes
SUB-00092,2026-01-16,January,Activity 1 Relief,Food,Beneficiary Contact Monitoring,WFP,WFP Monitor 4,Awbare,Awbare FDP 08,,9.229256,42.74064,"9.229256, 42.74064",51,Yes
SUB-00093,2026-01-12,January,Activity 1 Relief,Food,Beneficiary Contact Monitoring,WFP,WFP Monitor 2,Awbare,Awbare FDP 08,,9.229256,42.74064,"9.229256, 42.74064",30,Yes
SUB-00094,2026-01-22,January,Activity 1 Relief,Food,Food Basket Monitoring,WFP,WFP Monitor 7,Awbare,Awbare FDP 08,,9.229256,42.74064,"9.229256, 42.74064",47,Yes
SUB-00095,2026-01-28,January,Activity 1 Relief,Food,Food Basket Monitoring,WFP,WFP Monitor 3,Awbare,Awbare FDP 08,,9.229256,42.74064,"9.229256, 42.74064",23,Yes
SUB-00096,2026-01-10,January,Activity 1 Relief,Food,Food Basket Monitoring,WFP,WFP Monitor 3,Awbare,Awbare FDP 08,,9.229256,42.74064,"9.229256, 42.74064",64,Yes
SUB-00097,2026-01-18,January,Activity 1 Relief,Food,Food Basket Monitoring,WFP,WFP Monitor 1,Awbare,Awbare FDP 08,,9.229256,42.74064,"9.229256, 42.74064",19,Yes
SUB-00098,2026-01-28,January,Activity 1 Relief,Food,Food Basket Monitoring,WFP,WFP Monitor 6,Awbare,Awbare FDP 08,,9.229256,42.74064,"9.229256, 42.74064",58,Yes
SUB-00099,2026-01-18,January,Activity 1 Relief,Food,Food Basket Monitoring,WFP,WFP Monitor 4,Awbare,Awbare FDP 08,,9.229256,42.74064,"9.229256, 42.74064",25,Yes
SUB-00100,2026-01-10,January,Activity 1 Relief,Food,Warehouse Monitoring,WFP,WFP Monitor 2,Awbare,Awbare FDP 08,,9.229256,42.74064,"9.229256, 42.74064",32,Yes
SUB-00101,2026-01-06,January,Activity 1 Relief,Food,Distribution Observation,WFP,WFP Monitor 8,Awbare,Awbare FDP 08,,9.229256,42.74064,"9.229256, 42.74064",22,Yes
SUB-00102,2026-01-11,January,Activity 1 Relief,Food,Partner Performance Monitoring,WFP,WFP Monitor 8,Awbare,Awbare FDP 08,,9.229256,42.74064,"9.229256, 42.74064",30,Yes
SUB-00103,2026-01-14,January,Activity 1 Relief,Food,Beneficiary Contact Monitoring,TPM,TPM Monitor 4,Awbare,Awbare FDP 09,,9.279102,42.801997,"9.279102, 42.801997",22,Yes
SUB-00104,2026-01-05,January,Activity 1 Relief,Food,Beneficiary Contact Monitoring,TPM,TPM Monitor 4,Awbare,Awbare FDP 09,,9.279102,42.801997,"9.279102, 42.801997",33,Yes
SUB-00105,2026-01-15,January,Activity 1 Relief,Food,Beneficiary Contact Monitoring,TPM,TPM Monitor 5,Awbare,Awbare FDP 09,,9.279102,42.801997,"9.279102, 42.801997",63,Yes
SUB-00106,2026-01-07,January,Activity 1 Relief,Food,Beneficiary Contact Monitoring,TPM,TPM Monitor 5,Awbare,Awbare FDP 09,,9.279102,42.801997,"9.279102, 42.801997",30,Yes
SUB-00107,2026-01-25,January,Activity 1 Relief,Food,Beneficiary Contact Monitoring,TPM,TPM Monitor 7,Awbare,Awbare FDP 09,,9.279102,42.801997,"9.279102, 42.801997",51,Yes
SUB-00108,2026-01-22,January,Activity 1 Relief,Food,Food Basket Monitoring,TPM,TPM Monitor 6,Awbare,Awbare FDP 09,,9.279102,42.801997,"9.279102, 42.801997",9,Yes
SUB-00109,2026-01-08,January,Activity 1 Relief,Food,Food Basket Monitoring,TPM,TPM Monitor 5,Awbare,Awbare FDP 09,,9.279102,42.801997,"9.279102, 42.801997",19,Yes
SUB-00110,2026-01-23,January,Activity 1 Relief,Food,Food Basket Monitoring,TPM,TPM Monitor 5,Awbare,Awbare FDP 09,,9.279102,42.801997,"9.279102, 42.801997",10,Yes
SUB-00111,2026-01-08,January,Activity 1 Relief,Food,Food Basket Monitoring,TPM,TPM Monitor 7,Awbare,Awbare FDP 09,,9.279102,42.801997,"9.279102, 42.801997",30,Yes
SUB-00112,2026-01-28,January,Activity 1 Relief,Food,Warehouse Monitoring,TPM,TPM Monitor 6,Awbare,Awbare FDP 09,,9.279102,42.801997,"9.279102, 42.801997",35,Yes
SUB-00113,2026-01-24,January,Activity 1 Relief,Food,Distribution Observation,TPM,TPM Monitor 2,Awbare,Awbare FDP 09,,9.279102,42.801997,"9.279102, 42.801997",32,Yes
SUB-00114,2026-01-23,January,Activity 1 Relief,Food,Beneficiary Contact Monitoring,WFP,WFP Monitor 4,Awbare,Awbare FDP 10,,9.286438,42.681139,"9.286438, 42.681139",24,Yes
SUB-00115,2026-01-06,January,Activity 1 Relief,Food,Beneficiary Contact Monitoring,WFP,WFP Monitor 7,Awbare,Awbare FDP 10,,9.286438,42.681139,"9.286438, 42.681139",8,Yes
SUB-00116,2026-01-21,January,Activity 1 Relief,Food,Beneficiary Contact Monitoring,WFP,WFP Monitor 4,Awbare,Awbare FDP 10,,9.286438,42.681139,"9.286438, 42.681139",31,Yes
SUB-00117,2026-01-18,January,Activity 1 Relief,Food,Beneficiary Contact Monitoring,WFP,WFP Monitor 2,Awbare,Awbare FDP 10,,9.286438,42.681139,"9.286438, 42.681139",50,Yes
SUB-00118,2026-01-15,January,Activity 1 Relief,Food,Food Basket Monitoring,WFP,WFP Monitor 6,Awbare,Awbare FDP 10,,9.286438,42.681139,"9.286438, 42.681139",50,Yes
SUB-00119,2026-01-08,January,Activity 1 Relief,Food,Food Basket Monitoring,WFP,WFP Monitor 5,Awbare,Awbare FDP 10,,9.286438,42.681139,"9.286438, 42.681139",40,Yes
SUB-00120,2026-01-14,January,Activity 1 Relief,Food,Food Basket Monitoring,WFP,WFP Monitor 7,Awbare,Awbare FDP 10,,9.286438,42.681139,"9.286438, 42.681139",28,Yes
SUB-00121,2026-01-17,January,Activity 1 Relief,Food,Distribution Observation,WFP,WFP Monitor 5,Awbare,Awbare FDP 10,,9.286438,42.681139,"9.286438, 42.681139",43,Yes
SUB-00122,2026-01-09,January,Activity 1 Relief,Food,Partner Performance Monitoring,WFP,WFP Monitor 4,Awbare,Awbare FDP 10,,9.286438,42.681139,"9.286438, 42.681139",34,Yes
SUB-00123,2026-01-26,January,Activity 1 Relief,Food,Beneficiary Contact Monitoring,TPM,TPM Monitor 7,Awbare,Awbare FDP 11,,9.452595,42.764196,"9.452595, 42.764196",51,Yes
SUB-00124,2026-01-28,January,Activity 1 Relief,Food,Beneficiary Contact Monitoring,TPM,TPM Monitor 3,Awbare,Awbare FDP 11,,9.452595,42.764196,"9.452595, 42.764196",47,Yes
SUB-00125,2026-01-23,January,Activity 1 Relief,Food,Beneficiary Contact Monitoring,TPM,TPM Monitor 5,Awbare,Awbare FDP 11,,9.452595,42.764196,"9.452595, 42.764196",33,Yes
SUB-00126,2026-01-22,January,Activity 1 Relief,Food,Beneficiary Contact Monitoring,TPM,TPM Monitor 1,Awbare,Awbare FDP 11,,9.452595,42.764196,"9.452595, 42.764196",27,Yes
SUB-00127,2026-01-14,January,Activity 1 Relief,Food,Beneficiary Contact Monitoring,TPM,TPM Monitor 4,Awbare,Awbare FDP 11,,9.452595,42.764196,"9.452595, 42.764196",35,Yes
SUB-00128,2026-01-23,January,Activity 1 Relief,Food,Food Basket Monitoring,TPM,TPM Monitor 6,Awbare,Awbare FDP 11,,9.452595,42.764196,"9.452595, 42.764196",37,Yes
SUB-00129,2026-01-19,January,Activity 1 Relief,Food,Food Basket Monitoring,TPM,TPM Monitor 8,Awbare,Awbare FDP 11,,9.452595,42.764196,"9.452595, 42.764196",51,Yes
SUB-00130,2026-01-11,January,Activity 1 Relief,Food,Food Basket Monitoring,TPM,TPM Monitor 8,Awbare,Awbare FDP 11,,9.452595,42.764196,"9.452595, 42.764196",58,Yes
SUB-00131,2026-01-28,January,Activity 1 Relief,Food,Food Basket Monitoring,TPM,TPM Monitor 3,Awbare,Awbare FDP 11,,9.452595,42.764196,"9.452595, 42.764196",50,Yes
SUB-00132,2026-01-07,January,Activity 1 Relief,Food,Warehouse Monitoring,TPM,TPM Monitor 5,Awbare,Awbare FDP 11,,9.452595,42.764196,"9.452595, 42.764196",40,Yes
SUB-00133,2026-01-26,January,Activity 1 Relief,Food,Distribution Observation,TPM,TPM Monitor 6,Awbare,Awbare FDP 11,,9.452595,42.764196,"9.452595, 42.764196",13,Yes
SUB-00134,2026-01-12,January,Activity 1 Relief,Food,Partner Performance Monitoring,TPM,TPM Monitor 5,Awbare,Awbare FDP 11,,9.452595,42.764196,"9.452595, 42.764196",22,Yes
SUB-00135,2026-01-11,January,Activity 1 Relief,Food,Beneficiary Contact Monitoring,TPM,TPM Monitor 3,Awbare,Awbare FDP 12,,9.354727,42.680268,"9.354727, 42.680268",9,Yes
SUB-00136,2026-01-06,January,Activity 1 Relief,Food,Beneficiary Contact Monitoring,TPM,TPM Monitor 4,Awbare,Awbare FDP 12,,9.354727,42.680268,"9.354727, 42.680268",38,Yes
SUB-00137,2026-01-24,January,Activity 1 Relief,Food,Beneficiary Contact Monitoring,TPM,TPM Monitor 2,Awbare,Awbare FDP 12,,9.354727,42.680268,"9.354727, 42.680268",37,Yes
SUB-00138,2026-01-18,January,Activity 1 Relief,Food,Beneficiary Contact Monitoring,TPM,TPM Monitor 4,Awbare,Awbare FDP 12,,9.354727,42.680268,"9.354727, 42.680268",53,Yes
SUB-00139,2026-01-27,January,Activity 1 Relief,Food,Beneficiary Contact Monitoring,TPM,TPM Monitor 7,Awbare,Awbare FDP 12,,9.354727,42.680268,"9.354727, 42.680268",39,Yes
SUB-00140,2026-01-17,January,Activity 1 Relief,Food,Food Basket Monitoring,TPM,TPM Monitor 4,Awbare,Awbare FDP 12,,9.354727,42.680268,"9.354727, 42.680268",17,Yes
SUB-00141,2026-01-25,January,Activity 1 Relief,Food,Food Basket Monitoring,TPM,TPM Monitor 1,Awbare,Awbare FDP 12,,9.354727,42.680268,"9.354727, 42.680268",65,Yes
SUB-00142,2026-01-08,January,Activity 1 Relief,Food,Food Basket Monitoring,TPM,TPM Monitor 7,Awbare,Awbare FDP 12,,9.354727,42.680268,"9.354727, 42.680268",22,Yes
SUB-00143,2026-01-10,January,Activity 1 Relief,Food,Food Basket Monitoring,TPM,TPM Monitor 8,Awbare,Awbare FDP 12,,9.354727,42.680268,"9.354727, 42.680268",11,Yes
SUB-00144,2026-01-22,January,Activity 1 Relief,Food,Food Basket Monitoring,TPM,TPM Monitor 4,Awbare,Awbare FDP 12,,9.354727,42.680268,"9.354727, 42.680268",62,Yes
SUB-00145,2026-01-08,January,Activity 1 Relief,Food,Warehouse Monitoring,TPM,TPM Monitor 8,Awbare,Awbare FDP 12,,9.354727,42.680268,"9.354727, 42.680268",16,Yes
SUB-00146,2026-01-19,January,Activity 1 Relief,Food,Distribution Observation,TPM,TPM Monitor 6,Awbare,Awbare FDP 12,,9.354727,42.680268,"9.354727, 42.680268",56,Yes
SUB-00147,2026-01-19,January,Activity 1 Relief,Food,Beneficiary Contact Monitoring,WFP,WFP Monitor 7,Awbare,Awbare FDP 13,,9.311893,42.787765,"9.311893, 42.787765",61,Yes
SUB-00148,2026-01-22,January,Activity 1 Relief,Food,Beneficiary Contact Monitoring,WFP,WFP Monitor 8,Awbare,Awbare FDP 13,,9.311893,42.787765,"9.311893, 42.787765",65,Yes
SUB-00149,2026-01-10,January,Activity 1 Relief,Food,Beneficiary Contact Monitoring,WFP,WFP Monitor 8,Awbare,Awbare FDP 13,,9.311893,42.787765,"9.311893, 42.787765",36,Yes
SUB-00150,2026-01-13,January,Activity 1 Relief,Food,Beneficiary Contact Monitoring,WFP,WFP Monitor 4,Awbare,Awbare FDP 13,,9.311893,42.787765,"9.311893, 42.787765",61,Yes
SUB-00151,2026-01-25,January,Activity 1 Relief,Food,Food Basket Monitoring,WFP,WFP Monitor 5,Awbare,Awbare FDP 13,,9.311893,42.787765,"9.311893, 42.787765",57,Yes
SUB-00152,2026-01-21,January,Activity 1 Relief,Food,Food Basket Monitoring,WFP,WFP Monitor 8,Awbare,Awbare FDP 13,,9.311893,42.787765,"9.311893, 42.787765",48,Yes
SUB-00153,2026-01-12,January,Activity 1 Relief,Food,Food Basket Monitoring,WFP,WFP Monitor 5,Awbare,Awbare FDP 13,,9.311893,42.787765,"9.311893, 42.787765",36,Yes
SUB-00154,2026-01-07,January,Activity 1 Relief,Food,Food Basket Monitoring,WFP,WFP Monitor 5,Awbare,Awbare FDP 13,,9.311893,42.787765,"9.311893, 42.787765",23,Yes
SUB-00155,2026-01-13,January,Activity 1 Relief,Food,Food Basket Monitoring,WFP,WFP Monitor 6,Awbare,Awbare FDP 13,,9.311893,42.787765,"9.311893, 42.787765",28,Yes
SUB-00156,2026-01-22,January,Activity 1 Relief,Food,Warehouse Monitoring,WFP,WFP Monitor 2,Awbare,Awbare FDP 13,,9.311893,42.787765,"9.311893, 42.787765",16,Yes
SUB-00157,2026-01-09,January,Activity 1 Relief,Food,Distribution Observation,WFP,WFP Monitor 4,Awbare,Awbare FDP 13,,9.311893,42.787765,"9.311893, 42.787765",32,Yes
SUB-00158,2026-01-27,January,Activity 1 Relief,Food,Partner Performance Monitoring,WFP,WFP Monitor 3,Awbare,Awbare FDP 13,,9.311893,42.787765,"9.311893, 42.787765",53,Yes
SUB-00159,2026-01-11,January,Activity 1 Relief,Food,Beneficiary Contact Monitoring,TPM,TPM Monitor 2,Awbare,Awbare FDP 14,,9.26943,42.806299,"9.26943, 42.806299",34,Yes
SUB-00160,2026-01-18,January,Activity 1 Relief,Food,Beneficiary Contact Monitoring,TPM,TPM Monitor 6,Awbare,Awbare FDP 14,,9.26943,42.806299,"9.26943, 42.806299",42,Yes
SUB-00161,2026-01-19,January,Activity 1 Relief,Food,Beneficiary Contact Monitoring,TPM,TPM Monitor 7,Awbare,Awbare FDP 14,,9.26943,42.806299,"9.26943, 42.806299",11,Yes
SUB-00162,2026-01-11,January,Activity 1 Relief,Food,Beneficiary Contact Monitoring,TPM,TPM Monitor 7,Awbare,Awbare FDP 14,,9.26943,42.806299,"9.26943, 42.806299",32,Yes
SUB-00163,2026-01-23,January,Activity 1 Relief,Food,Food Basket Monitoring,TPM,TPM Monitor 1,Awbare,Awbare FDP 14,,9.26943,42.806299,"9.26943, 42.806299",62,Yes
SUB-00164,2026-01-23,January,Activity 1 Relief,Food,Food Basket Monitoring,TPM,TPM Monitor 7,Awbare,Awbare FDP 14,,9.26943,42.806299,"9.26943, 42.806299",38,Yes
SUB-00165,2026-01-05,January,Activity 1 Relief,Food,Food Basket Monitoring,TPM,TPM Monitor 6,Awbare,Awbare FDP 14,,9.26943,42.806299,"9.26943, 42.806299",27,Yes
SUB-00166,2026-01-17,January,Activity 1 Relief,Food,Food Basket Monitoring,TPM,TPM Monitor 7,Awbare,Awbare FDP 14,,9.26943,42.806299,"9.26943, 42.806299",42,Yes
SUB-00167,2026-01-28,January,Activity 1 Relief,Food,Warehouse Monitoring,TPM,TPM Monitor 4,Awbare,Awbare FDP 14,,9.26943,42.806299,"9.26943, 42.806299",39,Yes
SUB-00168,2026-01-12,January,Activity 1 Relief,Food,Distribution Observation,TPM,TPM Monitor 5,Awbare,Awbare FDP 14,,9.26943,42.806299,"9.26943, 42.806299",35,Yes
SUB-00169,2026-01-20,January,Activity 1 Relief,Food,Partner Performance Monitoring,TPM,TPM Monitor 1,Awbare,Awbare FDP 14,,9.26943,42.806299,"9.26943, 42.806299",32,Yes
SUB-00170,2026-01-15,January,Activity 1 Relief,Food,Beneficiary Contact Monitoring,TPM,TPM Monitor 7,Awbare,Awbare FDP 15,,9.307955,42.759581,"9.307955, 42.759581",54,Yes
SUB-00171,2026-01-10,January,Activity 1 Relief,Food,Beneficiary Contact Monitoring,TPM,TPM Monitor 8,Awbare,Awbare FDP 15,,9.307955,42.759581,"9.307955, 42.759581",16,Yes
SUB-00172,2026-01-24,January,Activity 1 Relief,Food,Beneficiary Contact Monitoring,TPM,TPM Monitor 1,Awbare,Awbare FDP 15,,9.307955,42.759581,"9.307955, 42.759581",33,Yes
SUB-00173,2026-01-23,January,Activity 1 Relief,Food,Beneficiary Contact Monitoring,TPM,TPM Monitor 1,Awbare,Awbare FDP 15,,9.307955,42.759581,"9.307955, 42.759581",13,Yes
SUB-00174,2026-01-25,January,Activity 1 Relief,Food,Beneficiary Contact Monitoring,TPM,TPM Monitor 7,Awbare,Awbare FDP 15,,9.307955,42.759581,"9.307955, 42.759581",16,Yes
SUB-00175,2026-01-19,January,Activity 1 Relief,Food,Beneficiary Contact Monitoring,TPM,TPM Monitor 3,Awbare,Awbare FDP 15,,9.307955,42.759581,"9.307955, 42.759581",11,Yes
SUB-00176,2026-01-13,January,Activity 1 Relief,Food,Food Basket Monitoring,TPM,TPM Monitor 7,Awbare,Awbare FDP 15,,9.307955,42.759581,"9.307955, 42.759581",28,Yes
SUB-00177,2026-01-11,January,Activity 1 Relief,Food,Food Basket Monitoring,TPM,TPM Monitor 8,Awbare,Awbare FDP 15,,9.307955,42.759581,"9.307955, 42.759581",28,Yes
SUB-00178,2026-01-15,January,Activity 1 Relief,Food,Food Basket Monitoring,TPM,TPM Monitor 7,Awbare,Awbare FDP 15,,9.307955,42.759581,"9.307955, 42.759581",25,Yes
SUB-00179,2026-01-18,January,Activity 1 Relief,Food,Food Basket Monitoring,TPM,TPM Monitor 5,Awbare,Awbare FDP 15,,9.307955,42.759581,"9.307955, 42.759581",61,Yes
SUB-00180,2026-01-07,January,Activity 1 Relief,Food,Food Basket Monitoring,TPM,TPM Monitor 8,Awbare,Awbare FDP 15,,9.307955,42.759581,"9.307955, 42.759581",9,Yes
SUB-00181,2026-01-28,January,Activity 1 Relief,Food,Warehouse Monitoring,TPM,TPM Monitor 1,Awbare,Awbare FDP 15,,9.307955,42.759581,"9.307955, 42.759581",30,Yes
SUB-00182,2026-01-12,January,Activity 1 Relief,Food,Distribution Observation,TPM,TPM Monitor 2,Awbare,Awbare FDP 15,,9.307955,42.759581,"9.307955, 42.759581",57,Yes
SUB-00183,2026-01-25,January,Activity 1 Relief,Food,Partner Performance Monitoring,TPM,TPM Monitor 1,Awbare,Awbare FDP 15,,9.307955,42.759581,"9.307955, 42.759581",56,Yes
SUB-00184,2026-01-05,January,Activity 1 Relief,Food,Beneficiary Contact Monitoring,TPM,TPM Monitor 4,Awbare,Awbare FDP 16,,9.307881,42.909659,"9.307881, 42.909659",20,Yes
SUB-00185,2026-01-05,January,Activity 1 Relief,Food,Beneficiary Contact Monitoring,TPM,TPM Monitor 3,Awbare,Awbare FDP 16,,9.307881,42.909659,"9.307881, 42.909659",23,Yes
SUB-00186,2026-01-09,January,Activity 1 Relief,Food,Beneficiary Contact Monitoring,TPM,TPM Monitor 8,Awbare,Awbare FDP 16,,9.307881,42.909659,"9.307881, 42.909659",50,Yes
SUB-00187,2026-01-08,January,Activity 1 Relief,Food,Beneficiary Contact Monitoring,TPM,TPM Monitor 4,Awbare,Awbare FDP 16,,9.307881,42.909659,"9.307881, 42.909659",37,Yes
SUB-00188,2026-01-27,January,Activity 1 Relief,Food,Beneficiary Contact Monitoring,TPM,TPM Monitor 5,Awbare,Awbare FDP 16,,9.307881,42.909659,"9.307881, 42.909659",57,Yes
SUB-00189,2026-01-16,January,Activity 1 Relief,Food,Food Basket Monitoring,TPM,TPM Monitor 3,Awbare,Awbare FDP 16,,9.307881,42.909659,"9.307881, 42.909659",46,Yes
SUB-00190,2026-01-24,January,Activity 1 Relief,Food,Food Basket Monitoring,TPM,TPM Monitor 2,Awbare,Awbare FDP 16,,9.307881,42.909659,"9.307881, 42.909659",57,Yes
SUB-00191,2026-01-10,January,Activity 1 Relief,Food,Food Basket Monitoring,TPM,TPM Monitor 5,Awbare,Awbare FDP 16,,9.307881,42.909659,"9.307881, 42.909659",14,Yes
SUB-00192,2026-01-23,January,Activity 1 Relief,Food,Food Basket Monitoring,TPM,TPM Monitor 1,Awbare,Awbare FDP 16,,9.307881,42.909659,"9.307881, 42.909659",27,Yes
SUB-00193,2026-01-23,January,Activity 1 Relief,Food,Food Basket Monitoring,TPM,TPM Monitor 7,Awbare,Awbare FDP 16,,9.307881,42.909659,"9.307881, 42.909659",33,Yes
SUB-00194,2026-01-27,January,Activity 1 Relief,Food,Food Basket Monitoring,TPM,TPM Monitor 4,Awbare,Awbare FDP 16,,9.307881,42.909659,"9.307881, 42.909659",12,Yes
SUB-00195,2026-01-23,January,Activity 1 Relief,Food,Warehouse Monitoring,TPM,TPM Monitor 4,Awbare,Awbare FDP 16,,9.307881,42.909659,"9.307881, 42.909659",14,Yes
SUB-00196,2026-01-27,January,Activity 1 Relief,Food,Distribution Observation,TPM,TPM Monitor 5,Awbare,Awbare FDP 16,,9.307881,42.909659,"9.307881, 42.909659",62,Yes
SUB-00197,2026-01-26,January,Activity 1 Relief,Food,Partner Performance Monitoring,TPM,TPM Monitor 2,Awbare,Awbare FDP 16,,9.307881,42.909659,"9.307881, 42.909659",58,Yes
SUB-00198,2026-01-23,January,Activity 1 Relief,Food,Beneficiary Contact Monitoring,TPM,TPM Monitor 1,Awbare,Awbare FDP 17,,9.349055,42.70596,"9.349055, 42.70596",30,Yes
SUB-00199,2026-01-22,January,Activity 1 Relief,Food,Beneficiary Contact Monitoring,TPM,TPM Monitor 7,Awbare,Awbare FDP 17,,9.349055,42.70596,"9.349055, 42.70596",50,Yes
SUB-00200,2026-01-16,January,Activity 1 Relief,Food,Beneficiary Contact Monitoring,TPM,TPM Monitor 2,Awbare,Awbare FDP 17,,9.349055,42.70596,"9.349055, 42.70596",40,Yes
SUB-00201,2026-01-25,January,Activity 1 Relief,Food,Beneficiary Contact Monitoring,TPM,TPM Monitor 6,Awbare,Awbare FDP 17,,9.349055,42.70596,"9.349055, 42.70596",8,Yes
SUB-00202,2026-01-18,January,Activity 1 Relief,Food,Food Basket Monitoring,TPM,TPM Monitor 8,Awbare,Awbare FDP 17,,9.349055,42.70596,"9.349055, 42.70596",14,Yes
SUB-00203,2026-01-18,January,Activity 1 Relief,Food,Food Basket Monitoring,TPM,TPM Monitor 6,Awbare,Awbare FDP 17,,9.349055,42.70596,"9.349055, 42.70596",48,Yes
SUB-00204,2026-01-19,January,Activity 1 Relief,Food,Food Basket Monitoring,TPM,TPM Monitor 3,Awbare,Awbare FDP 17,,9.349055,42.70596,"9.349055, 42.70596",35,Yes
SUB-00205,2026-01-10,January,Activity 1 Relief,Food,Food Basket Monitoring,TPM,TPM Monitor 5,Awbare,Awbare FDP 17,,9.349055,42.70596,"9.349055, 42.70596",47,Yes
SUB-00206,2026-01-22,January,Activity 1 Relief,Food,Warehouse Monitoring,TPM,TPM Monitor 8,Awbare,Awbare FDP 17,,9.349055,42.70596,"9.349055, 42.70596",37,Yes
SUB-00207,2026-01-18,January,Activity 1 Relief,Food,Distribution Observation,TPM,TPM Monitor 5,Awbare,Awbare FDP 17,,9.349055,42.70596,"9.349055, 42.70596",28,Yes
SUB-00208,2026-01-12,January,Activity 1 Relief,Food,Beneficiary Contact Monitoring,TPM,TPM Monitor 2,Awbare,Awbare FDP 18,,9.407578,42.694541,"9.407578, 42.694541",25,Yes
SUB-00209,2026-01-19,January,Activity 1 Relief,Food,Beneficiary Contact Monitoring,TPM,TPM Monitor 4,Awbare,Awbare FDP 18,,9.407578,42.694541,"9.407578, 42.694541",56,Yes
SUB-00210,2026-01-19,January,Activity 1 Relief,Food,Beneficiary Contact Monitoring,TPM,TPM Monitor 7,Awbare,Awbare FDP 18,,9.407578,42.694541,"9.407578, 42.694541",29,Yes
SUB-00211,2026-01-05,January,Activity 1 Relief,Food,Beneficiary Contact Monitoring,TPM,TPM Monitor 8,Awbare,Awbare FDP 18,,9.407578,42.694541,"9.407578, 42.694541",62,Yes
SUB-00212,2026-01-15,January,Activity 1 Relief,Food,Beneficiary Contact Monitoring,TPM,TPM Monitor 3,Awbare,Awbare FDP 18,,9.407578,42.694541,"9.407578, 42.694541",39,Yes
SUB-00213,2026-01-11,January,Activity 1 Relief,Food,Beneficiary Contact Monitoring,TPM,TPM Monitor 6,Awbare,Awbare FDP 18,,9.407578,42.694541,"9.407578, 42.694541",59,Yes
SUB-00214,2026-01-13,January,Activity 1 Relief,Food,Food Basket Monitoring,TPM,TPM Monitor 6,Awbare,Awbare FDP 18,,9.407578,42.694541,"9.407578, 42.694541",25,Yes
SUB-00215,2026-01-24,January,Activity 1 Relief,Food,Food Basket Monitoring,TPM,TPM Monitor 5,Awbare,Awbare FDP 18,,9.407578,42.694541,"9.407578, 42.694541",43,Yes
SUB-00216,2026-01-05,January,Activity 1 Relief,Food,Food Basket Monitoring,TPM,TPM Monitor 4,Awbare,Awbare FDP 18,,9.407578,42.694541,"9.407578, 42.694541",13,Yes
SUB-00217,2026-01-12,January,Activity 1 Relief,Food,Food Basket Monitoring,TPM,TPM Monitor 7,Awbare,Awbare FDP 18,,9.407578,42.694541,"9.407578, 42.694541",39,Yes
SUB-00218,2026-01-22,January,Activity 1 Relief,Food,Warehouse Monitoring,TPM,TPM Monitor 4,Awbare,Awbare FDP 18,,9.407578,42.694541,"9.407578, 42.694541",52,Yes
SUB-00219,2026-01-20,January,Activity 1 Relief,Food,Distribution Observation,TPM,TPM Monitor 8,Awbare,Awbare FDP 18,,9.407578,42.694541,"9.407578, 42.694541",36,Yes
SUB-00220,2026-01-05,January,Activity 1 Relief,Food,Beneficiary Contact Monitoring,TPM,TPM Monitor 2,Awbare,Awbare FDP 19,,9.36462,42.642823,"9.36462, 42.642823",26,Yes
SUB-00221,2026-01-12,January,Activity 1 Relief,Food,Beneficiary Contact Monitoring,TPM,TPM Monitor 7,Awbare,Awbare FDP 19,,9.36462,42.642823,"9.36462, 42.642823",52,Yes
SUB-00222,2026-01-12,January,Activity 1 Relief,Food,Beneficiary Contact Monitoring,TPM,TPM Monitor 5,Awbare,Awbare FDP 19,,9.36462,42.642823,"9.36462, 42.642823",50,Yes
SUB-00223,2026-01-23,January,Activity 1 Relief,Food,Beneficiary Contact Monitoring,TPM,TPM Monitor 6,Awbare,Awbare FDP 19,,9.36462,42.642823,"9.36462, 42.642823",38,Yes
SUB-00224,2026-01-22,January,Activity 1 Relief,Food,Beneficiary Contact Monitoring,TPM,TPM Monitor 6,Awbare,Awbare FDP 19,,9.36462,42.642823,"9.36462, 42.642823",35,Yes
SUB-00225,2026-01-28,January,Activity 1 Relief,Food,Beneficiary Contact Monitoring,TPM,TPM Monitor 6,Awbare,Awbare FDP 19,,9.36462,42.642823,"9.36462, 42.642823",30,Yes
SUB-00226,2026-01-27,January,Activity 1 Relief,Food,Food Basket Monitoring,TPM,TPM Monitor 8,Awbare,Awbare FDP 19,,9.36462,42.642823,"9.36462, 42.642823",25,Yes
SUB-00227,2026-01-14,January,Activity 1 Relief,Food,Food Basket Monitoring,TPM,TPM Monitor 5,Awbare,Awbare FDP 19,,9.36462,42.642823,"9.36462, 42.642823",22,Yes
SUB-00228,2026-01-08,January,Activity 1 Relief,Food,Food Basket Monitoring,TPM,TPM Monitor 4,Awbare,Awbare FDP 19,,9.36462,42.642823,"9.36462, 42.642823",28,Yes
SUB-00229,2026-01-08,January,Activity 1 Relief,Food,Food Basket Monitoring,TPM,TPM Monitor 3,Awbare,Awbare FDP 19,,9.36462,42.642823,"9.36462, 42.642823",20,Yes
SUB-00230,2026-01-11,January,Activity 1 Relief,Food,Food Basket Monitoring,TPM,TPM Monitor 8,Awbare,Awbare FDP 19,,9.36462,42.642823,"9.36462, 42.642823",25,Yes
SUB-00231,2026-01-28,January,Activity 1 Relief,Food,Warehouse Monitoring,TPM,TPM Monitor 5,Awbare,Awbare FDP 19,,9.36462,42.642823,"9.36462, 42.642823",14,Yes
SUB-00232,2026-01-11,January,Activity 1 Relief,Food,Distribution Observation,TPM,TPM Monitor 5,Awbare,Awbare FDP 19,,9.36462,42.642823,"9.36462, 42.642823",22,Yes
SUB-00233,2026-01-16,January,Activity 1 Relief,Food,Partner Performance Monitoring,TPM,TPM Monitor 3,Awbare,Awbare FDP 19,,9.36462,42.642823,"9.36462, 42.642823",27,Yes
SUB-00234,2026-01-05,January,Activity 1 Relief,Food,Beneficiary Contact Monitoring,WFP,WFP Monitor 3,Awbare,Awbare FDP 20,,9.257027,42.79378,"9.257027, 42.79378",25,Yes
SUB-00235,2026-01-06,January,Activity 1 Relief,Food,Beneficiary Contact Monitoring,WFP,WFP Monitor 1,Awbare,Awbare FDP 20,,9.257027,42.79378,"9.257027, 42.79378",43,Yes
SUB-00236,2026-01-14,January,Activity 1 Relief,Food,Beneficiary Contact Monitoring,WFP,WFP Monitor 3,Awbare,Awbare FDP 20,,9.257027,42.79378,"9.257027, 42.79378",48,Yes
SUB-00237,2026-01-20,January,Activity 1 Relief,Food,Beneficiary Contact Monitoring,WFP,WFP Monitor 2,Awbare,Awbare FDP 20,,9.257027,42.79378,"9.257027, 42.79378",63,Yes
SUB-00238,2026-01-05,January,Activity 1 Relief,Food,Beneficiary Contact Monitoring,WFP,WFP Monitor 5,Awbare,Awbare FDP 20,,9.257027,42.79378,"9.257027, 42.79378",38,Yes
SUB-00239,2026-01-20,January,Activity 1 Relief,Food,Beneficiary Contact Monitoring,WFP,WFP Monitor 8,Awbare,Awbare FDP 20,,9.257027,42.79378,"9.257027, 42.79378",29,Yes
SUB-00240,2026-01-10,January,Activity 1 Relief,Food,Food Basket Monitoring,WFP,WFP Monitor 1,Awbare,Awbare FDP 20,,9.257027,42.79378,"9.257027, 42.79378",24,Yes
SUB-00241,2026-01-20,January,Activity 1 Relief,Food,Food Basket Monitoring,WFP,WFP Monitor 2,Awbare,Awbare FDP 20,,9.257027,42.79378,"9.257027, 42.79378",60,Yes
SUB-00242,2026-01-07,January,Activity 1 Relief,Food,Food Basket Monitoring,WFP,WFP Monitor 7,Awbare,Awbare FDP 20,,9.257027,42.79378,"9.257027, 42.79378",39,Yes
SUB-00243,2026-01-07,January,Activity 1 Relief,Food,Food Basket Monitoring,WFP,WFP Monitor 1,Awbare,Awbare FDP 20,,9.257027,42.79378,"9.257027, 42.79378",17,Yes
SUB-00244,2026-01-09,January,Activity 1 Relief,Food,Food Basket Monitoring,WFP,WFP Monitor 5,Awbare,Awbare FDP 20,,9.257027,42.79378,"9.257027, 42.79378",13,Yes
SUB-00245,2026-01-12,January,Activity 1 Relief,Food,Warehouse Monitoring,WFP,WFP Monitor 2,Awbare,Awbare FDP 20,,9.257027,42.79378,"9.257027, 42.79378",43,Yes
SUB-00246,2026-01-18,January,Activity 1 Relief,Food,Distribution Observation,WFP,WFP Monitor 4,Awbare,Awbare FDP 20,,9.257027,42.79378,"9.257027, 42.79378",57,Yes
SUB-00247,2026-01-21,January,Activity 1 Relief,Food,Beneficiary Contact Monitoring,TPM,TPM Monitor 7,Awbare,Awbare FDP 21,,9.401693,42.791996,"9.401693, 42.791996",36,Yes
SUB-00248,2026-01-19,January,Activity 1 Relief,Food,Beneficiary Contact Monitoring,TPM,TPM Monitor 5,Awbare,Awbare FDP 21,,9.401693,42.791996,"9.401693, 42.791996",63,Yes
SUB-00249,2026-01-23,January,Activity 1 Relief,Food,Beneficiary Contact Monitoring,TPM,TPM Monitor 7,Awbare,Awbare FDP 21,,9.401693,42.791996,"9.401693, 42.791996",27,Yes
SUB-00250,2026-01-23,January,Activity 1 Relief,Food,Beneficiary Contact Monitoring,TPM,TPM Monitor 1,Awbare,Awbare FDP 21,,9.401693,42.791996,"9.401693, 42.791996",47,Yes
SUB-00251,2026-01-28,January,Activity 1 Relief,Food,Beneficiary Contact Monitoring,TPM,TPM Monitor 2,Awbare,Awbare FDP 21,,9.401693,42.791996,"9.401693, 42.791996",56,Yes
SUB-00252,2026-01-11,January,Activity 1 Relief,Food,Beneficiary Contact Monitoring,TPM,TPM Monitor 4,Awbare,Awbare FDP 21,,9.401693,42.791996,"9.401693, 42.791996",24,Yes
SUB-00253,2026-01-26,January,Activity 1 Relief,Food,Food Basket Monitoring,TPM,TPM Monitor 2,Awbare,Awbare FDP 21,,9.401693,42.791996,"9.401693, 42.791996",18,Yes
SUB-00254,2026-01-12,January,Activity 1 Relief,Food,Food Basket Monitoring,TPM,TPM Monitor 3,Awbare,Awbare FDP 21,,9.401693,42.791996,"9.401693, 42.791996",43,Yes
SUB-00255,2026-01-07,January,Activity 1 Relief,Food,Food Basket Monitoring,TPM,TPM Monitor 3,Awbare,Awbare FDP 21,,9.401693,42.791996,"9.401693, 42.791996",8,Yes
SUB-00256,2026-01-18,January,Activity 1 Relief,Food,Food Basket Monitoring,TPM,TPM Monitor 8,Awbare,Awbare FDP 21,,9.401693,42.791996,"9.401693, 42.791996",52,Yes
SUB-00257,2026-01-24,January,Activity 1 Relief,Food,Food Basket Monitoring,TPM,TPM Monitor 8,Awbare,Awbare FDP 21,,9.401693,42.791996,"9.401693, 42.791996",26,Yes
SUB-00258,2026-01-06,January,Activity 1 Relief,Food,Food Basket Monitoring,TPM,TPM Monitor 4,Awbare,Awbare FDP 21,,9.401693,42.791996,"9.401693, 42.791996",26,Yes
SUB-00259,2026-01-27,January,Activity 1 Relief,Food,Warehouse Monitoring,TPM,TPM Monitor 5,Awbare,Awbare FDP 21,,9.401693,42.791996,"9.401693, 42.791996",52,Yes
SUB-00260,2026-01-19,January,Activity 1 Relief,Food,Distribution Observation,TPM,TPM Monitor 2,Awbare,Awbare FDP 21,,9.401693,42.791996,"9.401693, 42.791996",51,Yes
SUB-00261,2026-01-12,January,Activity 1 Relief,Food,Partner Performance Monitoring,TPM,TPM Monitor 5,Awbare,Awbare FDP 21,,9.401693,42.791996,"9.401693, 42.791996",58,Yes
SUB-00262,2026-01-25,January,Activity 1 Relief,Food,Beneficiary Contact Monitoring,TPM,TPM Monitor 4,Awbare,Awbare FDP 22,,9.341905,42.758923,"9.341905, 42.758923",35,Yes
SUB-00263,2026-01-08,January,Activity 1 Relief,Food,Beneficiary Contact Monitoring,TPM,TPM Monitor 4,Awbare,Awbare FDP 22,,9.341905,42.758923,"9.341905, 42.758923",49,Yes
SUB-00264,2026-01-09,January,Activity 1 Relief,Food,Beneficiary Contact Monitoring,TPM,TPM Monitor 5,Awbare,Awbare FDP 22,,9.341905,42.758923,"9.341905, 42.758923",60,Yes
SUB-00265,2026-01-09,January,Activity 1 Relief,Food,Beneficiary Contact Monitoring,TPM,TPM Monitor 2,Awbare,Awbare FDP 22,,9.341905,42.758923,"9.341905, 42.758923",11,Yes
SUB-00266,2026-01-10,January,Activity 1 Relief,Food,Beneficiary Contact Monitoring,TPM,TPM Monitor 5,Awbare,Awbare FDP 22,,9.341905,42.758923,"9.341905, 42.758923",46,Yes
SUB-00267,2026-01-28,January,Activity 1 Relief,Food,Beneficiary Contact Monitoring,TPM,TPM Monitor 5,Awbare,Awbare FDP 22,,9.341905,42.758923,"9.341905, 42.758923",36,Yes
SUB-00268,2026-01-08,January,Activity 1 Relief,Food,Food Basket Monitoring,TPM,TPM Monitor 8,Awbare,Awbare FDP 22,,9.341905,42.758923,"9.341905, 42.758923",52,Yes
SUB-00269,2026-01-14,January,Activity 1 Relief,Food,Food Basket Monitoring,TPM,TPM Monitor 7,Awbare,Awbare FDP 22,,9.341905,42.758923,"9.341905, 42.758923",25,Yes
SUB-00270,2026-01-21,January,Activity 1 Relief,Food,Food Basket Monitoring,TPM,TPM Monitor 8,Awbare,Awbare FDP 22,,9.341905,42.758923,"9.341905, 42.758923",36,Yes
SUB-00271,2026-01-07,January,Activity 1 Relief,Food,Food Basket Monitoring,TPM,TPM Monitor 1,Awbare,Awbare FDP 22,,9.341905,42.758923,"9.341905, 42.758923",64,Yes
SUB-00272,2026-01-18,January,Activity 1 Relief,Food,Food Basket Monitoring,TPM,TPM Monitor 6,Awbare,Awbare FDP 22,,9.341905,42.758923,"9.341905, 42.758923",46,Yes
SUB-00273,2026-01-13,January,Activity 1 Relief,Food,Warehouse Monitoring,TPM,TPM Monitor 1,Awbare,Awbare FDP 22,,9.341905,42.758923,"9.341905, 42.758923",13,Yes
SUB-00274,2026-01-12,January,Activity 1 Relief,Food,Distribution Observation,TPM,TPM Monitor 1,Awbare,Awbare FDP 22,,9.341905,42.758923,"9.341905, 42.758923",56,Yes
SUB-00275,2026-01-26,January,Activity 1 Relief,Food,Partner Performance Monitoring,TPM,TPM Monitor 5,Awbare,Awbare FDP 22,,9.341905,42.758923,"9.341905, 42.758923",44,Yes
SUB-00276,2026-01-06,January,Activity 1 Relief,Food,Beneficiary Contact Monitoring,TPM,TPM Monitor 3,Awbare,Awbare FDP 23,,9.246503,42.729611,"9.246503, 42.729611",38,Yes
SUB-00277,2026-01-21,January,Activity 1 Relief,Food,Beneficiary Contact Monitoring,TPM,TPM Monitor 8,Awbare,Awbare FDP 23,,9.246503,42.729611,"9.246503, 42.729611",25,Yes
SUB-00278,2026-01-10,January,Activity 1 Relief,Food,Beneficiary Contact Monitoring,TPM,TPM Monitor 7,Awbare,Awbare FDP 23,,9.246503,42.729611,"9.246503, 42.729611",48,Yes
SUB-00279,2026-01-20,January,Activity 1 Relief,Food,Beneficiary Contact Monitoring,TPM,TPM Monitor 2,Awbare,Awbare FDP 23,,9.246503,42.729611,"9.246503, 42.729611",38,Yes
SUB-00280,2026-01-16,January,Activity 1 Relief,Food,Beneficiary Contact Monitoring,TPM,TPM Monitor 7,Awbare,Awbare FDP 23,,9.246503,42.729611,"9.246503, 42.729611",29,Yes
SUB-00281,2026-01-15,January,Activity 1 Relief,Food,Beneficiary Contact Monitoring,TPM,TPM Monitor 2,Awbare,Awbare FDP 23,,9.246503,42.729611,"9.246503, 42.729611",62,Yes
SUB-00282,2026-01-10,January,Activity 1 Relief,Food,Food Basket Monitoring,TPM,TPM Monitor 6,Awbare,Awbare FDP 23,,9.246503,42.729611,"9.246503, 42.729611",34,Yes
SUB-00283,2026-01-27,January,Activity 1 Relief,Food,Food Basket Monitoring,TPM,TPM Monitor 8,Awbare,Awbare FDP 23,,9.246503,42.729611,"9.246503, 42.729611",26,Yes
SUB-00284,2026-01-26,January,Activity 1 Relief,Food,Food Basket Monitoring,TPM,TPM Monitor 7,Awbare,Awbare FDP 23,,9.246503,42.729611,"9.246503, 42.729611",60,Yes
SUB-00285,2026-01-22,January,Activity 1 Relief,Food,Food Basket Monitoring,TPM,TPM Monitor 1,Awbare,Awbare FDP 23,,9.246503,42.729611,"9.246503, 42.729611",37,Yes
SUB-00286,2026-01-07,January,Activity 1 Relief,Food,Food Basket Monitoring,TPM,TPM Monitor 6,Awbare,Awbare FDP 23,,9.246503,42.729611,"9.246503, 42.729611",24,Yes
SUB-00287,2026-01-15,January,Activity 1 Relief,Food,Food Basket Monitoring,TPM,TPM Monitor 2,Awbare,Awbare FDP 23,,9.246503,42.729611,"9.246503, 42.729611",57,Yes
SUB-00288,2026-01-17,January,Activity 1 Relief,Food,Warehouse Monitoring,TPM,TPM Monitor 1,Awbare,Awbare FDP 23,,9.246503,42.729611,"9.246503, 42.729611",50,Yes
SUB-00289,2026-01-22,January,Activity 1 Relief,Food,Distribution Observation,TPM,TPM Monitor 8,Awbare,Awbare FDP 23,,9.246503,42.729611,"9.246503, 42.729611",34,Yes
SUB-00290,2026-01-06,January,Activity 1 Relief,Food,Partner Performance Monitoring,TPM,TPM Monitor 4,Awbare,Awbare FDP 23,,9.246503,42.729611,"9.246503, 42.729611",41,Yes
SUB-00291,2026-01-16,January,Activity 1 Relief,Food,Beneficiary Contact Monitoring,TPM,TPM Monitor 8,Awbare,Awbare FDP 24,,9.317755,42.853999,"9.317755, 42.853999",48,Yes
SUB-00292,2026-01-19,January,Activity 1 Relief,Food,Beneficiary Contact Monitoring,TPM,TPM Monitor 1,Awbare,Awbare FDP 24,,9.317755,42.853999,"9.317755, 42.853999",21,Yes
SUB-00293,2026-01-13,January,Activity 1 Relief,Food,Beneficiary Contact Monitoring,TPM,TPM Monitor 3,Awbare,Awbare FDP 24,,9.317755,42.853999,"9.317755, 42.853999",26,Yes
SUB-00294,2026-01-19,January,Activity 1 Relief,Food,Beneficiary Contact Monitoring,TPM,TPM Monitor 8,Awbare,Awbare FDP 24,,9.317755,42.853999,"9.317755, 42.853999",15,Yes
SUB-00295,2026-01-05,January,Activity 1 Relief,Food,Beneficiary Contact Monitoring,TPM,TPM Monitor 4,Awbare,Awbare FDP 24,,9.317755,42.853999,"9.317755, 42.853999",53,Yes
SUB-00296,2026-01-10,January,Activity 1 Relief,Food,Beneficiary Contact Monitoring,TPM,TPM Monitor 5,Awbare,Awbare FDP 24,,9.317755,42.853999,"9.317755, 42.853999",43,Yes
SUB-00297,2026-01-05,January,Activity 1 Relief,Food,Food Basket Monitoring,TPM,TPM Monitor 7,Awbare,Awbare FDP 24,,9.317755,42.853999,"9.317755, 42.853999",13,Yes
SUB-00298,2026-01-12,January,Activity 1 Relief,Food,Food Basket Monitoring,TPM,TPM Monitor 2,Awbare,Awbare FDP 24,,9.317755,42.853999,"9.317755, 42.853999",37,Yes
SUB-00299,2026-01-08,January,Activity 1 Relief,Food,Food Basket Monitoring,TPM,TPM Monitor 3,Awbare,Awbare FDP 24,,9.317755,42.853999,"9.317755, 42.853999",39,Yes
SUB-00300,2026-01-27,January,Activity 1 Relief,Food,Food Basket Monitoring,TPM,TPM Monitor 5,Awbare,Awbare FDP 24,,9.317755,42.853999,"9.317755, 42.853999",40,Yes
SUB-00301,2026-01-27,January,Activity 1 Relief,Food,Food Basket Monitoring,TPM,TPM Monitor 5,Awbare,Awbare FDP 24,,9.317755,42.853999,"9.317755, 42.853999",34,Yes
SUB-00302,2026-01-20,January,Activity 1 Relief,Food,Warehouse Monitoring,TPM,TPM Monitor 8,Awbare,Awbare FDP 24,,9.317755,42.853999,"9.317755, 42.853999",23,Yes
SUB-00303,2026-01-19,January,Activity 1 Relief,Food,Distribution Observation,TPM,TPM Monitor 3,Awbare,Awbare FDP 24,,9.317755,42.853999,"9.317755, 42.853999",32,Yes
SUB-00304,2026-01-11,January,Activity 1 Relief,Food,Beneficiary Contact Monitoring,TPM,TPM Monitor 3,Awbare,Awbare FDP 25,,9.374053,42.656587,"9.374053, 42.656587",63,Yes
SUB-00305,2026-01-07,January,Activity 1 Relief,Food,Beneficiary Contact Monitoring,TPM,TPM Monitor 5,Awbare,Awbare FDP 25,,9.374053,42.656587,"9.374053, 42.656587",57,Yes
SUB-00306,2026-01-18,January,Activity 1 Relief,Food,Beneficiary Contact Monitoring,TPM,TPM Monitor 6,Awbare,Awbare FDP 25,,9.374053,42.656587,"9.374053, 42.656587",58,Yes
SUB-00307,2026-01-21,January,Activity 1 Relief,Food,Beneficiary Contact Monitoring,TPM,TPM Monitor 5,Awbare,Awbare FDP 25,,9.374053,42.656587,"9.374053, 42.656587",60,Yes
SUB-00308,2026-01-05,January,Activity 1 Relief,Food,Beneficiary Contact Monitoring,TPM,TPM Monitor 5,Awbare,Awbare FDP 25,,9.374053,42.656587,"9.374053, 42.656587",54,Yes
SUB-00309,2026-01-14,January,Activity 1 Relief,Food,Beneficiary Contact Monitoring,TPM,TPM Monitor 8,Awbare,Awbare FDP 25,,9.374053,42.656587,"9.374053, 42.656587",63,Yes
SUB-00310,2026-01-09,January,Activity 1 Relief,Food,Food Basket Monitoring,TPM,TPM Monitor 8,Awbare,Awbare FDP 25,,9.374053,42.656587,"9.374053, 42.656587",42,Yes
SUB-00311,2026-01-20,January,Activity 1 Relief,Food,Food Basket Monitoring,TPM,TPM Monitor 6,Awbare,Awbare FDP 25,,9.374053,42.656587,"9.374053, 42.656587",29,Yes
SUB-00312,2026-01-22,January,Activity 1 Relief,Food,Food Basket Monitoring,TPM,TPM Monitor 7,Awbare,Awbare FDP 25,,9.374053,42.656587,"9.374053, 42.656587",37,Yes
SUB-00313,2026-01-15,January,Activity 1 Relief,Food,Food Basket Monitoring,TPM,TPM Monitor 4,Awbare,Awbare FDP 25,,9.374053,42.656587,"9.374053, 42.656587",52,Yes
SUB-00314,2026-01-12,January,Activity 1 Relief,Food,Warehouse Monitoring,TPM,TPM Monitor 7,Awbare,Awbare FDP 25,,9.374053,42.656587,"9.374053, 42.656587",22,Yes
SUB-00315,2026-01-18,January,Activity 1 Relief,Food,Distribution Observation,TPM,TPM Monitor 1,Awbare,Awbare FDP 25,,9.374053,42.656587,"9.374053, 42.656587",28,Yes
SUB-00316,2026-01-28,January,Activity 1 Relief,Food,Partner Performance Monitoring,TPM,TPM Monitor 8,Awbare,Awbare FDP 25,,9.374053,42.656587,"9.374053, 42.656587",53,Yes
SUB-00317,2026-01-17,January,Activity 1 Relief,Food,Beneficiary Contact Monitoring,TPM,TPM Monitor 7,Awbare,Awbare FDP 26,,9.372686,42.753044,"9.372686, 42.753044",50,Yes
SUB-00318,2026-01-25,January,Activity 1 Relief,Food,Beneficiary Contact Monitoring,TPM,TPM Monitor 3,Awbare,Awbare FDP 26,,9.372686,42.753044,"9.372686, 42.753044",39,Yes
SUB-00319,2026-01-06,January,Activity 1 Relief,Food,Beneficiary Contact Monitoring,TPM,TPM Monitor 3,Awbare,Awbare FDP 26,,9.372686,42.753044,"9.372686, 42.753044",40,Yes
SUB-00320,2026-01-23,January,Activity 1 Relief,Food,Beneficiary Contact Monitoring,TPM,TPM Monitor 6,Awbare,Awbare FDP 26,,9.372686,42.753044,"9.372686, 42.753044",63,Yes
SUB-00321,2026-01-08,January,Activity 1 Relief,Food,Beneficiary Contact Monitoring,TPM,TPM Monitor 8,Awbare,Awbare FDP 26,,9.372686,42.753044,"9.372686, 42.753044",14,Yes
SUB-00322,2026-01-21,January,Activity 1 Relief,Food,Food Basket Monitoring,TPM,TPM Monitor 8,Awbare,Awbare FDP 26,,9.372686,42.753044,"9.372686, 42.753044",8,Yes
SUB-00323,2026-01-28,January,Activity 1 Relief,Food,Food Basket Monitoring,TPM,TPM Monitor 3,Awbare,Awbare FDP 26,,9.372686,42.753044,"9.372686, 42.753044",34,Yes
SUB-00324,2026-01-25,January,Activity 1 Relief,Food,Food Basket Monitoring,TPM,TPM Monitor 3,Awbare,Awbare FDP 26,,9.372686,42.753044,"9.372686, 42.753044",12,Yes
SUB-00325,2026-01-20,January,Activity 1 Relief,Food,Food Basket Monitoring,TPM,TPM Monitor 5,Awbare,Awbare FDP 26,,9.372686,42.753044,"9.372686, 42.753044",29,Yes
SUB-00326,2026-01-24,January,Activity 1 Relief,Food,Food Basket Monitoring,TPM,TPM Monitor 7,Awbare,Awbare FDP 26,,9.372686,42.753044,"9.372686, 42.753044",49,Yes
SUB-00327,2026-01-07,January,Activity 1 Relief,Food,Warehouse Monitoring,TPM,TPM Monitor 6,Awbare,Awbare FDP 26,,9.372686,42.753044,"9.372686, 42.753044",62,Yes
SUB-00328,2026-01-26,January,Activity 1 Relief,Food,Distribution Observation,TPM,TPM Monitor 7,Awbare,Awbare FDP 26,,9.372686,42.753044,"9.372686, 42.753044",28,Yes
SUB-00329,2026-01-25,January,Activity 1 Relief,Food,Partner Performance Monitoring,TPM,TPM Monitor 8,Awbare,Awbare FDP 26,,9.372686,42.753044,"9.372686, 42.753044",63,Yes
SUB-00330,2026-01-22,January,Activity 1 Relief,Food,Beneficiary Contact Monitoring,WFP,WFP Monitor 1,Awbare,Awbare FDP 27,,9.302615,42.822817,"9.302615, 42.822817",47,Yes
SUB-00331,2026-01-07,January,Activity 1 Relief,Food,Beneficiary Contact Monitoring,WFP,WFP Monitor 4,Awbare,Awbare FDP 27,,9.302615,42.822817,"9.302615, 42.822817",48,Yes
SUB-00332,2026-01-26,January,Activity 1 Relief,Food,Beneficiary Contact Monitoring,WFP,WFP Monitor 5,Awbare,Awbare FDP 27,,9.302615,42.822817,"9.302615, 42.822817",22,Yes
SUB-00333,2026-01-28,January,Activity 1 Relief,Food,Beneficiary Contact Monitoring,WFP,WFP Monitor 2,Awbare,Awbare FDP 27,,9.302615,42.822817,"9.302615, 42.822817",35,Yes
SUB-00334,2026-01-08,January,Activity 1 Relief,Food,Beneficiary Contact Monitoring,WFP,WFP Monitor 2,Awbare,Awbare FDP 27,,9.302615,42.822817,"9.302615, 42.822817",36,Yes
SUB-00335,2026-01-10,January,Activity 1 Relief,Food,Food Basket Monitoring,WFP,WFP Monitor 5,Awbare,Awbare FDP 27,,9.302615,42.822817,"9.302615, 42.822817",65,Yes
SUB-00336,2026-01-05,January,Activity 1 Relief,Food,Food Basket Monitoring,WFP,WFP Monitor 1,Awbare,Awbare FDP 27,,9.302615,42.822817,"9.302615, 42.822817",28,Yes
SUB-00337,2026-01-06,January,Activity 1 Relief,Food,Food Basket Monitoring,WFP,WFP Monitor 5,Awbare,Awbare FDP 27,,9.302615,42.822817,"9.302615, 42.822817",30,Yes
SUB-00338,2026-01-16,January,Activity 1 Relief,Food,Food Basket Monitoring,WFP,WFP Monitor 7,Awbare,Awbare FDP 27,,9.302615,42.822817,"9.302615, 42.822817",17,Yes
SUB-00339,2026-01-12,January,Activity 1 Relief,Food,Food Basket Monitoring,WFP,WFP Monitor 7,Awbare,Awbare FDP 27,,9.302615,42.822817,"9.302615, 42.822817",44,Yes
SUB-00340,2026-01-26,January,Activity 1 Relief,Food,Warehouse Monitoring,WFP,WFP Monitor 3,Awbare,Awbare FDP 27,,9.302615,42.822817,"9.302615, 42.822817",18,Yes
SUB-00341,2026-01-10,January,Activity 1 Relief,Food,Distribution Observation,WFP,WFP Monitor 2,Awbare,Awbare FDP 27,,9.302615,42.822817,"9.302615, 42.822817",47,Yes
SUB-00342,2026-01-17,January,Activity 1 Relief,Food,Beneficiary Contact Monitoring,WFP,WFP Monitor 4,Awbare,Awbare FDP 28,,9.42217,42.84519,"9.42217, 42.84519",39,Yes
SUB-00343,2026-01-23,January,Activity 1 Relief,Food,Beneficiary Contact Monitoring,WFP,WFP Monitor 3,Awbare,Awbare FDP 28,,9.42217,42.84519,"9.42217, 42.84519",22,Yes
SUB-00344,2026-01-19,January,Activity 1 Relief,Food,Beneficiary Contact Monitoring,WFP,WFP Monitor 5,Awbare,Awbare FDP 28,,9.42217,42.84519,"9.42217, 42.84519",37,Yes
SUB-00345,2026-01-13,January,Activity 1 Relief,Food,Beneficiary Contact Monitoring,WFP,WFP Monitor 1,Awbare,Awbare FDP 28,,9.42217,42.84519,"9.42217, 42.84519",65,Yes
SUB-00346,2026-01-19,January,Activity 1 Relief,Food,Beneficiary Contact Monitoring,WFP,WFP Monitor 5,Awbare,Awbare FDP 28,,9.42217,42.84519,"9.42217, 42.84519",51,Yes
SUB-00347,2026-01-22,January,Activity 1 Relief,Food,Food Basket Monitoring,WFP,WFP Monitor 3,Awbare,Awbare FDP 28,,9.42217,42.84519,"9.42217, 42.84519",12,Yes
SUB-00348,2026-01-19,January,Activity 1 Relief,Food,Food Basket Monitoring,WFP,WFP Monitor 6,Awbare,Awbare FDP 28,,9.42217,42.84519,"9.42217, 42.84519",45,Yes
SUB-00349,2026-01-14,January,Activity 1 Relief,Food,Food Basket Monitoring,WFP,WFP Monitor 7,Awbare,Awbare FDP 28,,9.42217,42.84519,"9.42217, 42.84519",52,Yes
SUB-00350,2026-01-13,January,Activity 1 Relief,Food,Warehouse Monitoring,WFP,WFP Monitor 8,Awbare,Awbare FDP 28,,9.42217,42.84519,"9.42217, 42.84519",62,Yes
SUB-00351,2026-01-14,January,Activity 1 Relief,Food,Distribution Observation,WFP,WFP Monitor 4,Awbare,Awbare FDP 28,,9.42217,42.84519,"9.42217, 42.84519",32,Yes
SUB-00352,2026-01-20,January,Activity 1 Relief,Food,Partner Performance Monitoring,WFP,WFP Monitor 2,Awbare,Awbare FDP 28,,9.42217,42.84519,"9.42217, 42.84519",23,Yes
SUB-00353,2026-01-17,January,Activity 1 Relief,Food,Beneficiary Contact Monitoring,TPM,TPM Monitor 6,Awbare,Awbare FDP 29,,9.291255,42.758355,"9.291255, 42.758355",44,Yes
SUB-00354,2026-01-14,January,Activity 1 Relief,Food,Beneficiary Contact Monitoring,TPM,TPM Monitor 5,Awbare,Awbare FDP 29,,9.291255,42.758355,"9.291255, 42.758355",9,Yes
SUB-00355,2026-01-26,January,Activity 1 Relief,Food,Beneficiary Contact Monitoring,TPM,TPM Monitor 7,Awbare,Awbare FDP 29,,9.291255,42.758355,"9.291255, 42.758355",25,Yes
SUB-00356,2026-01-05,January,Activity 1 Relief,Food,Beneficiary Contact Monitoring,TPM,TPM Monitor 1,Awbare,Awbare FDP 29,,9.291255,42.758355,"9.291255, 42.758355",46,Yes
SUB-00357,2026-01-28,January,Activity 1 Relief,Food,Beneficiary Contact Monitoring,TPM,TPM Monitor 8,Awbare,Awbare FDP 29,,9.291255,42.758355,"9.291255, 42.758355",61,Yes
SUB-00358,2026-01-14,January,Activity 1 Relief,Food,Food Basket Monitoring,TPM,TPM Monitor 4,Awbare,Awbare FDP 29,,9.291255,42.758355,"9.291255, 42.758355",46,Yes
SUB-00359,2026-01-16,January,Activity 1 Relief,Food,Food Basket Monitoring,TPM,TPM Monitor 4,Awbare,Awbare FDP 29,,9.291255,42.758355,"9.291255, 42.758355",48,Yes
SUB-00360,2026-01-11,January,Activity 1 Relief,Food,Food Basket Monitoring,TPM,TPM Monitor 5,Awbare,Awbare FDP 29,,9.291255,42.758355,"9.291255, 42.758355",51,Yes
SUB-00361,2026-01-28,January,Activity 1 Relief,Food,Food Basket Monitoring,TPM,TPM Monitor 3,Awbare,Awbare FDP 29,,9.291255,42.758355,"9.291255, 42.758355",48,Yes
SUB-00362,2026-01-08,January,Activity 1 Relief,Food,Warehouse Monitoring,TPM,TPM Monitor 1,Awbare,Awbare FDP 29,,9.291255,42.758355,"9.291255, 42.758355",27,Yes
SUB-00363,2026-01-19,January,Activity 1 Relief,Food,Distribution Observation,TPM,TPM Monitor 1,Awbare,Awbare FDP 29,,9.291255,42.758355,"9.291255, 42.758355",45,Yes
SUB-00364,2026-01-16,January,Activity 1 Relief,Food,Partner Performance Monitoring,TPM,TPM Monitor 3,Awbare,Awbare FDP 29,,9.291255,42.758355,"9.291255, 42.758355",13,Yes
SUB-00365,2026-01-14,January,Activity 1 Relief,Food,Beneficiary Contact Monitoring,TPM,TPM Monitor 6,Awbare,Awbare FDP 30,,9.373188,42.848288,"9.373188, 42.848288",55,Yes
SUB-00366,2026-01-18,January,Activity 1 Relief,Food,Beneficiary Contact Monitoring,TPM,TPM Monitor 3,Awbare,Awbare FDP 30,,9.373188,42.848288,"9.373188, 42.848288",20,Yes
SUB-00367,2026-01-09,January,Activity 1 Relief,Food,Beneficiary Contact Monitoring,TPM,TPM Monitor 6,Awbare,Awbare FDP 30,,9.373188,42.848288,"9.373188, 42.848288",41,Yes
SUB-00368,2026-01-21,January,Activity 1 Relief,Food,Beneficiary Contact Monitoring,TPM,TPM Monitor 5,Awbare,Awbare FDP 30,,9.373188,42.848288,"9.373188, 42.848288",61,Yes
SUB-00369,2026-01-10,January,Activity 1 Relief,Food,Food Basket Monitoring,TPM,TPM Monitor 5,Awbare,Awbare FDP 30,,9.373188,42.848288,"9.373188, 42.848288",60,Yes
SUB-00370,2026-01-20,January,Activity 1 Relief,Food,Food Basket Monitoring,TPM,TPM Monitor 5,Awbare,Awbare FDP 30,,9.373188,42.848288,"9.373188, 42.848288",55,Yes
SUB-00371,2026-01-15,January,Activity 1 Relief,Food,Food Basket Monitoring,TPM,TPM Monitor 2,Awbare,Awbare FDP 30,,9.373188,42.848288,"9.373188, 42.848288",37,Yes
SUB-00372,2026-01-07,January,Activity 1 Relief,Food,Food Basket Monitoring,TPM,TPM Monitor 3,Awbare,Awbare FDP 30,,9.373188,42.848288,"9.373188, 42.848288",56,Yes
SUB-00373,2026-01-12,January,Activity 1 Relief,Food,Warehouse Monitoring,TPM,TPM Monitor 7,Awbare,Awbare FDP 30,,9.373188,42.848288,"9.373188, 42.848288",62,Yes
SUB-00374,2026-01-22,January,Activity 1 Relief,Food,Distribution Observation,TPM,TPM Monitor 6,Awbare,Awbare FDP 30,,9.373188,42.848288,"9.373188, 42.848288",13,Yes
SUB-00375,2026-01-17,January,Activity 1 Relief,Food,Partner Performance Monitoring,TPM,TPM Monitor 1,Awbare,Awbare FDP 30,,9.373188,42.848288,"9.373188, 42.848288",24,Yes
SUB-00376,2026-01-22,January,Activity 1 Relief,Food,Beneficiary Contact Monitoring,TPM,TPM Monitor 2,Awbare,Awbare FDP 31,,9.316458,42.767004,"9.316458, 42.767004",37,Yes
SUB-00377,2026-01-16,January,Activity 1 Relief,Food,Beneficiary Contact Monitoring,TPM,TPM Monitor 5,Awbare,Awbare FDP 31,,9.316458,42.767004,"9.316458, 42.767004",45,Yes
SUB-00378,2026-01-17,January,Activity 1 Relief,Food,Beneficiary Contact Monitoring,TPM,TPM Monitor 6,Awbare,Awbare FDP 31,,9.316458,42.767004,"9.316458, 42.767004",14,Yes
SUB-00379,2026-01-26,January,Activity 1 Relief,Food,Beneficiary Contact Monitoring,TPM,TPM Monitor 4,Awbare,Awbare FDP 31,,9.316458,42.767004,"9.316458, 42.767004",38,Yes
SUB-00380,2026-01-05,January,Activity 1 Relief,Food,Beneficiary Contact Monitoring,TPM,TPM Monitor 6,Awbare,Awbare FDP 31,,9.316458,42.767004,"9.316458, 42.767004",47,Yes
SUB-00381,2026-01-12,January,Activity 1 Relief,Food,Beneficiary Contact Monitoring,TPM,TPM Monitor 2,Awbare,Awbare FDP 31,,9.316458,42.767004,"9.316458, 42.767004",48,Yes
SUB-00382,2026-01-19,January,Activity 1 Relief,Food,Food Basket Monitoring,TPM,TPM Monitor 5,Awbare,Awbare FDP 31,,9.316458,42.767004,"9.316458, 42.767004",49,Yes
SUB-00383,2026-01-18,January,Activity 1 Relief,Food,Food Basket Monitoring,TPM,TPM Monitor 2,Awbare,Awbare FDP 31,,9.316458,42.767004,"9.316458, 42.767004",16,Yes
SUB-00384,2026-01-06,January,Activity 1 Relief,Food,Food Basket Monitoring,TPM,TPM Monitor 1,Awbare,Awbare FDP 31,,9.316458,42.767004,"9.316458, 42.767004",27,Yes
SUB-00385,2026-01-20,January,Activity 1 Relief,Food,Food Basket Monitoring,TPM,TPM Monitor 2,Awbare,Awbare FDP 31,,9.316458,42.767004,"9.316458, 42.767004",14,Yes
SUB-00386,2026-01-12,January,Activity 1 Relief,Food,Warehouse Monitoring,TPM,TPM Monitor 3,Awbare,Awbare FDP 31,,9.316458,42.767004,"9.316458, 42.767004",32,Yes
SUB-00387,2026-01-19,January,Activity 1 Relief,Food,Distribution Observation,TPM,TPM Monitor 6,Awbare,Awbare FDP 31,,9.316458,42.767004,"9.316458, 42.767004",50,Yes
SUB-00388,2026-01-28,January,Activity 1 Relief,Food,Partner Performance Monitoring,TPM,TPM Monitor 7,Awbare,Awbare FDP 31,,9.316458,42.767004,"9.316458, 42.767004",45,Yes
SUB-00389,2026-01-28,January,Activity 1 Relief,Food,Beneficiary Contact Monitoring,TPM,TPM Monitor 3,Awbare,Awbare FDP 32,,9.272557,42.696266,"9.272557, 42.696266",64,Yes
SUB-00390,2026-01-18,January,Activity 1 Relief,Food,Beneficiary Contact Monitoring,TPM,TPM Monitor 2,Awbare,Awbare FDP 32,,9.272557,42.696266,"9.272557, 42.696266",61,Yes
SUB-00391,2026-01-20,January,Activity 1 Relief,Food,Beneficiary Contact Monitoring,TPM,TPM Monitor 7,Awbare,Awbare FDP 32,,9.272557,42.696266,"9.272557, 42.696266",25,Yes
SUB-00392,2026-01-06,January,Activity 1 Relief,Food,Beneficiary Contact Monitoring,TPM,TPM Monitor 6,Awbare,Awbare FDP 32,,9.272557,42.696266,"9.272557, 42.696266",21,Yes
SUB-00393,2026-01-19,January,Activity 1 Relief,Food,Beneficiary Contact Monitoring,TPM,TPM Monitor 8,Awbare,Awbare FDP 32,,9.272557,42.696266,"9.272557, 42.696266",23,Yes
SUB-00394,2026-01-16,January,Activity 1 Relief,Food,Food Basket Monitoring,TPM,TPM Monitor 2,Awbare,Awbare FDP 32,,9.272557,42.696266,"9.272557, 42.696266",51,Yes
SUB-00395,2026-01-16,January,Activity 1 Relief,Food,Food Basket Monitoring,TPM,TPM Monitor 6,Awbare,Awbare FDP 32,,9.272557,42.696266,"9.272557, 42.696266",11,Yes
SUB-00396,2026-01-17,January,Activity 1 Relief,Food,Food Basket Monitoring,TPM,TPM Monitor 5,Awbare,Awbare FDP 32,,9.272557,42.696266,"9.272557, 42.696266",20,Yes
SUB-00397,2026-01-08,January,Activity 1 Relief,Food,Food Basket Monitoring,TPM,TPM Monitor 8,Awbare,Awbare FDP 32,,9.272557,42.696266,"9.272557, 42.696266",13,Yes
SUB-00398,2026-01-26,January,Activity 1 Relief,Food,Food Basket Monitoring,TPM,TPM Monitor 4,Awbare,Awbare FDP 32,,9.272557,42.696266,"9.272557, 42.696266",49,Yes
SUB-00399,2026-01-25,January,Activity 1 Relief,Food,Food Basket Monitoring,TPM,TPM Monitor 1,Awbare,Awbare FDP 32,,9.272557,42.696266,"9.272557, 42.696266",11,Yes
SUB-00400,2026-01-15,January,Activity 1 Relief,Food,Warehouse Monitoring,TPM,TPM Monitor 4,Awbare,Awbare FDP 32,,9.272557,42.696266,"9.272557, 42.696266",16,Yes
SUB-00401,2026-01-23,January,Activity 1 Relief,Food,Distribution Observation,TPM,TPM Monitor 4,Awbare,Awbare FDP 32,,9.272557,42.696266,"9.272557, 42.696266",12,Yes
SUB-00402,2026-01-22,January,Activity 1 Relief,Food,Partner Performance Monitoring,TPM,TPM Monitor 4,Awbare,Awbare FDP 32,,9.272557,42.696266,"9.272557, 42.696266",45,Yes
SUB-00403,2026-01-11,January,Activity 1 Relief,Food,Beneficiary Contact Monitoring,TPM,TPM Monitor 4,Awbare,Awbare FDP 33,,9.406877,42.874937,"9.406877, 42.874937",29,Yes
SUB-00404,2026-01-09,January,Activity 1 Relief,Food,Beneficiary Contact Monitoring,TPM,TPM Monitor 1,Awbare,Awbare FDP 33,,9.406877,42.874937,"9.406877, 42.874937",25,Yes
SUB-00405,2026-01-09,January,Activity 1 Relief,Food,Beneficiary Contact Monitoring,TPM,TPM Monitor 3,Awbare,Awbare FDP 33,,9.406877,42.874937,"9.406877, 42.874937",42,Yes
SUB-00406,2026-01-13,January,Activity 1 Relief,Food,Beneficiary Contact Monitoring,TPM,TPM Monitor 3,Awbare,Awbare FDP 33,,9.406877,42.874937,"9.406877, 42.874937",15,Yes
SUB-00407,2026-01-26,January,Activity 1 Relief,Food,Beneficiary Contact Monitoring,TPM,TPM Monitor 1,Awbare,Awbare FDP 33,,9.406877,42.874937,"9.406877, 42.874937",16,Yes
SUB-00408,2026-01-05,January,Activity 1 Relief,Food,Food Basket Monitoring,TPM,TPM Monitor 6,Awbare,Awbare FDP 33,,9.406877,42.874937,"9.406877, 42.874937",58,Yes
SUB-00409,2026-01-12,January,Activity 1 Relief,Food,Food Basket Monitoring,TPM,TPM Monitor 6,Awbare,Awbare FDP 33,,9.406877,42.874937,"9.406877, 42.874937",9,Yes
SUB-00410,2026-01-10,January,Activity 1 Relief,Food,Food Basket Monitoring,TPM,TPM Monitor 5,Awbare,Awbare FDP 33,,9.406877,42.874937,"9.406877, 42.874937",11,Yes
SUB-00411,2026-01-09,January,Activity 1 Relief,Food,Food Basket Monitoring,TPM,TPM Monitor 7,Awbare,Awbare FDP 33,,9.406877,42.874937,"9.406877, 42.874937",41,Yes
SUB-00412,2026-01-08,January,Activity 1 Relief,Food,Warehouse Monitoring,TPM,TPM Monitor 2,Awbare,Awbare FDP 33,,9.406877,42.874937,"9.406877, 42.874937",38,Yes
SUB-00413,2026-01-19,January,Activity 1 Relief,Food,Distribution Observation,TPM,TPM Monitor 6,Awbare,Awbare FDP 33,,9.406877,42.874937,"9.406877, 42.874937",40,Yes
SUB-00414,2026-01-23,January,Activity 1 Relief,Food,Partner Performance Monitoring,TPM,TPM Monitor 2,Awbare,Awbare FDP 33,,9.406877,42.874937,"9.406877, 42.874937",36,Yes
SUB-00415,2026-01-21,January,Activity 1 Relief,Food,Beneficiary Contact Monitoring,TPM,TPM Monitor 4,Awbare,Awbare FDP 34,,9.344959,42.850247,"9.344959, 42.850247",47,Yes
SUB-00416,2026-01-06,January,Activity 1 Relief,Food,Beneficiary Contact Monitoring,TPM,TPM Monitor 5,Awbare,Awbare FDP 34,,9.344959,42.850247,"9.344959, 42.850247",37,Yes
SUB-00417,2026-01-25,January,Activity 1 Relief,Food,Beneficiary Contact Monitoring,TPM,TPM Monitor 1,Awbare,Awbare FDP 34,,9.344959,42.850247,"9.344959, 42.850247",11,Yes
SUB-00418,2026-01-20,January,Activity 1 Relief,Food,Beneficiary Contact Monitoring,TPM,TPM Monitor 7,Awbare,Awbare FDP 34,,9.344959,42.850247,"9.344959, 42.850247",35,Yes
SUB-00419,2026-01-26,January,Activity 1 Relief,Food,Beneficiary Contact Monitoring,TPM,TPM Monitor 2,Awbare,Awbare FDP 34,,9.344959,42.850247,"9.344959, 42.850247",39,Yes
SUB-00420,2026-01-27,January,Activity 1 Relief,Food,Beneficiary Contact Monitoring,TPM,TPM Monitor 8,Awbare,Awbare FDP 34,,9.344959,42.850247,"9.344959, 42.850247",12,Yes
SUB-00421,2026-01-07,January,Activity 1 Relief,Food,Food Basket Monitoring,TPM,TPM Monitor 6,Awbare,Awbare FDP 34,,9.344959,42.850247,"9.344959, 42.850247",46,Yes
SUB-00422,2026-01-09,January,Activity 1 Relief,Food,Food Basket Monitoring,TPM,TPM Monitor 2,Awbare,Awbare FDP 34,,9.344959,42.850247,"9.344959, 42.850247",16,Yes
SUB-00423,2026-01-13,January,Activity 1 Relief,Food,Food Basket Monitoring,TPM,TPM Monitor 6,Awbare,Awbare FDP 34,,9.344959,42.850247,"9.344959, 42.850247",32,Yes
SUB-00424,2026-01-24,January,Activity 1 Relief,Food,Food Basket Monitoring,TPM,TPM Monitor 5,Awbare,Awbare FDP 34,,9.344959,42.850247,"9.344959, 42.850247",37,Yes
SUB-00425,2026-01-21,January,Activity 1 Relief,Food,Warehouse Monitoring,TPM,TPM Monitor 7,Awbare,Awbare FDP 34,,9.344959,42.850247,"9.344959, 42.850247",14,Yes
SUB-00426,2026-01-27,January,Activity 1 Relief,Food,Distribution Observation,TPM,TPM Monitor 2,Awbare,Awbare FDP 34,,9.344959,42.850247,"9.344959, 42.850247",62,Yes
SUB-00427,2026-01-25,January,Activity 1 Relief,Food,Partner Performance Monitoring,TPM,TPM Monitor 4,Awbare,Awbare FDP 34,,9.344959,42.850247,"9.344959, 42.850247",35,Yes
SUB-00428,2026-01-19,January,Activity 1 Relief,Food,Beneficiary Contact Monitoring,TPM,TPM Monitor 4,Awbare,Awbare FDP 35,,9.375315,42.734842,"9.375315, 42.734842",34,Yes
SUB-00429,2026-01-15,January,Activity 1 Relief,Food,Beneficiary Contact Monitoring,TPM,TPM Monitor 8,Awbare,Awbare FDP 35,,9.375315,42.734842,"9.375315, 42.734842",33,Yes
SUB-00430,2026-01-18,January,Activity 1 Relief,Food,Beneficiary Contact Monitoring,TPM,TPM Monitor 2,Awbare,Awbare FDP 35,,9.375315,42.734842,"9.375315, 42.734842",28,Yes
SUB-00431,2026-01-18,January,Activity 1 Relief,Food,Beneficiary Contact Monitoring,TPM,TPM Monitor 6,Awbare,Awbare FDP 35,,9.375315,42.734842,"9.375315, 42.734842",50,Yes
SUB-00432,2026-01-13,January,Activity 1 Relief,Food,Food Basket Monitoring,TPM,TPM Monitor 6,Awbare,Awbare FDP 35,,9.375315,42.734842,"9.375315, 42.734842",17,Yes
SUB-00433,2026-01-26,January,Activity 1 Relief,Food,Food Basket Monitoring,TPM,TPM Monitor 8,Awbare,Awbare FDP 35,,9.375315,42.734842,"9.375315, 42.734842",12,Yes
SUB-00434,2026-01-07,January,Activity 1 Relief,Food,Food Basket Monitoring,TPM,TPM Monitor 2,Awbare,Awbare FDP 35,,9.375315,42.734842,"9.375315, 42.734842",13,Yes
SUB-00435,2026-01-18,January,Activity 1 Relief,Food,Food Basket Monitoring,TPM,TPM Monitor 2,Awbare,Awbare FDP 35,,9.375315,42.734842,"9.375315, 42.734842",55,Yes
SUB-00436,2026-01-28,January,Activity 1 Relief,Food,Warehouse Monitoring,TPM,TPM Monitor 6,Awbare,Awbare FDP 35,,9.375315,42.734842,"9.375315, 42.734842",59,Yes
SUB-00437,2026-01-09,January,Activity 1 Relief,Food,Distribution Observation,TPM,TPM Monitor 1,Awbare,Awbare FDP 35,,9.375315,42.734842,"9.375315, 42.734842",45,Yes
SUB-00438,2026-01-22,January,Activity 1 Relief,Food,Partner Performance Monitoring,TPM,TPM Monitor 6,Awbare,Awbare FDP 35,,9.375315,42.734842,"9.375315, 42.734842",50,Yes
SUB-00439,2026-01-08,January,Activity 1 Relief,Food,Beneficiary Contact Monitoring,TPM,TPM Monitor 7,Awbare,Awbare FDP 36,,9.375298,42.887663,"9.375298, 42.887663",30,Yes
SUB-00440,2026-01-26,January,Activity 1 Relief,Food,Beneficiary Contact Monitoring,TPM,TPM Monitor 7,Awbare,Awbare FDP 36,,9.375298,42.887663,"9.375298, 42.887663",63,Yes
SUB-00441,2026-01-28,January,Activity 1 Relief,Food,Beneficiary Contact Monitoring,TPM,TPM Monitor 1,Awbare,Awbare FDP 36,,9.375298,42.887663,"9.375298, 42.887663",26,Yes
SUB-00442,2026-01-24,January,Activity 1 Relief,Food,Beneficiary Contact Monitoring,TPM,TPM Monitor 5,Awbare,Awbare FDP 36,,9.375298,42.887663,"9.375298, 42.887663",30,Yes
SUB-00443,2026-01-08,January,Activity 1 Relief,Food,Beneficiary Contact Monitoring,TPM,TPM Monitor 4,Awbare,Awbare FDP 36,,9.375298,42.887663,"9.375298, 42.887663",17,Yes
SUB-00444,2026-01-26,January,Activity 1 Relief,Food,Food Basket Monitoring,TPM,TPM Monitor 8,Awbare,Awbare FDP 36,,9.375298,42.887663,"9.375298, 42.887663",22,Yes
SUB-00445,2026-01-08,January,Activity 1 Relief,Food,Food Basket Monitoring,TPM,TPM Monitor 6,Awbare,Awbare FDP 36,,9.375298,42.887663,"9.375298, 42.887663",62,Yes
SUB-00446,2026-01-22,January,Activity 1 Relief,Food,Food Basket Monitoring,TPM,TPM Monitor 6,Awbare,Awbare FDP 36,,9.375298,42.887663,"9.375298, 42.887663",15,Yes
SUB-00447,2026-01-13,January,Activity 1 Relief,Food,Food Basket Monitoring,TPM,TPM Monitor 4,Awbare,Awbare FDP 36,,9.375298,42.887663,"9.375298, 42.887663",59,Yes
SUB-00448,2026-01-18,January,Activity 1 Relief,Food,Food Basket Monitoring,TPM,TPM Monitor 1,Awbare,Awbare FDP 36,,9.375298,42.887663,"9.375298, 42.887663",46,Yes
SUB-00449,2026-01-26,January,Activity 1 Relief,Food,Food Basket Monitoring,TPM,TPM Monitor 5,Awbare,Awbare FDP 36,,9.375298,42.887663,"9.375298, 42.887663",9,Yes
SUB-00450,2026-01-10,January,Activity 1 Relief,Food,Warehouse Monitoring,TPM,TPM Monitor 5,Awbare,Awbare FDP 36,,9.375298,42.887663,"9.375298, 42.887663",52,Yes
SUB-00451,2026-01-14,January,Activity 1 Relief,Food,Distribution Observation,TPM,TPM Monitor 6,Awbare,Awbare FDP 36,,9.375298,42.887663,"9.375298, 42.887663",30,Yes
SUB-00452,2026-01-05,January,Activity 1 Relief,Food,Partner Performance Monitoring,TPM,TPM Monitor 3,Awbare,Awbare FDP 36,,9.375298,42.887663,"9.375298, 42.887663",63,Yes
SUB-00453,2026-01-09,January,Activity 1 Relief,Food,Beneficiary Contact Monitoring,TPM,TPM Monitor 7,Awbare,Awbare FDP 37,,9.347492,42.889525,"9.347492, 42.889525",12,Yes
SUB-00454,2026-01-09,January,Activity 1 Relief,Food,Beneficiary Contact Monitoring,TPM,TPM Monitor 1,Awbare,Awbare FDP 37,,9.347492,42.889525,"9.347492, 42.889525",13,Yes
SUB-00455,2026-01-28,January,Activity 1 Relief,Food,Beneficiary Contact Monitoring,TPM,TPM Monitor 4,Awbare,Awbare FDP 37,,9.347492,42.889525,"9.347492, 42.889525",32,Yes
SUB-00456,2026-01-18,January,Activity 1 Relief,Food,Beneficiary Contact Monitoring,TPM,TPM Monitor 8,Awbare,Awbare FDP 37,,9.347492,42.889525,"9.347492, 42.889525",29,Yes
SUB-00457,2026-01-10,January,Activity 1 Relief,Food,Food Basket Monitoring,TPM,TPM Monitor 6,Awbare,Awbare FDP 37,,9.347492,42.889525,"9.347492, 42.889525",27,Yes
SUB-00458,2026-01-28,January,Activity 1 Relief,Food,Food Basket Monitoring,TPM,TPM Monitor 6,Awbare,Awbare FDP 37,,9.347492,42.889525,"9.347492, 42.889525",57,Yes
SUB-00459,2026-01-23,January,Activity 1 Relief,Food,Food Basket Monitoring,TPM,TPM Monitor 2,Awbare,Awbare FDP 37,,9.347492,42.889525,"9.347492, 42.889525",64,Yes
SUB-00460,2026-01-06,January,Activity 1 Relief,Food,Food Basket Monitoring,TPM,TPM Monitor 3,Awbare,Awbare FDP 37,,9.347492,42.889525,"9.347492, 42.889525",18,Yes
SUB-00461,2026-01-24,January,Activity 1 Relief,Food,Food Basket Monitoring,TPM,TPM Monitor 1,Awbare,Awbare FDP 37,,9.347492,42.889525,"9.347492, 42.889525",51,Yes
SUB-00462,2026-01-07,January,Activity 1 Relief,Food,Food Basket Monitoring,TPM,TPM Monitor 5,Awbare,Awbare FDP 37,,9.347492,42.889525,"9.347492, 42.889525",36,Yes
SUB-00463,2026-01-26,January,Activity 1 Relief,Food,Warehouse Monitoring,TPM,TPM Monitor 7,Awbare,Awbare FDP 37,,9.347492,42.889525,"9.347492, 42.889525",39,Yes
SUB-00464,2026-01-24,January,Activity 1 Relief,Food,Distribution Observation,TPM,TPM Monitor 8,Awbare,Awbare FDP 37,,9.347492,42.889525,"9.347492, 42.889525",34,Yes
SUB-00465,2026-01-13,January,Activity 1 Relief,Food,Beneficiary Contact Monitoring,TPM,TPM Monitor 4,Awbare,Awbare FDP 38,,9.166618,42.837533,"9.166618, 42.837533",56,Yes
SUB-00466,2026-01-21,January,Activity 1 Relief,Food,Beneficiary Contact Monitoring,TPM,TPM Monitor 2,Awbare,Awbare FDP 38,,9.166618,42.837533,"9.166618, 42.837533",30,Yes
SUB-00467,2026-01-18,January,Activity 1 Relief,Food,Beneficiary Contact Monitoring,TPM,TPM Monitor 2,Awbare,Awbare FDP 38,,9.166618,42.837533,"9.166618, 42.837533",26,Yes
SUB-00468,2026-01-26,January,Activity 1 Relief,Food,Beneficiary Contact Monitoring,TPM,TPM Monitor 8,Awbare,Awbare FDP 38,,9.166618,42.837533,"9.166618, 42.837533",41,Yes
SUB-00469,2026-01-26,January,Activity 1 Relief,Food,Beneficiary Contact Monitoring,TPM,TPM Monitor 5,Awbare,Awbare FDP 38,,9.166618,42.837533,"9.166618, 42.837533",10,Yes
SUB-00470,2026-01-12,January,Activity 1 Relief,Food,Beneficiary Contact Monitoring,TPM,TPM Monitor 7,Awbare,Awbare FDP 38,,9.166618,42.837533,"9.166618, 42.837533",46,Yes
SUB-00471,2026-01-06,January,Activity 1 Relief,Food,Food Basket Monitoring,TPM,TPM Monitor 1,Awbare,Awbare FDP 38,,9.166618,42.837533,"9.166618, 42.837533",21,Yes
SUB-00472,2026-01-14,January,Activity 1 Relief,Food,Food Basket Monitoring,TPM,TPM Monitor 4,Awbare,Awbare FDP 38,,9.166618,42.837533,"9.166618, 42.837533",57,Yes
SUB-00473,2026-01-09,January,Activity 1 Relief,Food,Food Basket Monitoring,TPM,TPM Monitor 5,Awbare,Awbare FDP 38,,9.166618,42.837533,"9.166618, 42.837533",26,Yes
SUB-00474,2026-01-15,January,Activity 1 Relief,Food,Food Basket Monitoring,TPM,TPM Monitor 2,Awbare,Awbare FDP 38,,9.166618,42.837533,"9.166618, 42.837533",8,Yes
SUB-00475,2026-01-20,January,Activity 1 Relief,Food,Food Basket Monitoring,TPM,TPM Monitor 7,Awbare,Awbare FDP 38,,9.166618,42.837533,"9.166618, 42.837533",19,Yes
SUB-00476,2026-01-09,January,Activity 1 Relief,Food,Warehouse Monitoring,TPM,TPM Monitor 7,Awbare,Awbare FDP 38,,9.166618,42.837533,"9.166618, 42.837533",42,Yes
SUB-00477,2026-01-27,January,Activity 1 Relief,Food,Distribution Observation,TPM,TPM Monitor 4,Awbare,Awbare FDP 38,,9.166618,42.837533,"9.166618, 42.837533",40,Yes
SUB-00478,2026-01-22,January,Activity 1 Relief,Food,Partner Performance Monitoring,TPM,TPM Monitor 6,Awbare,Awbare FDP 38,,9.166618,42.837533,"9.166618, 42.837533",12,Yes
SUB-00479,2026-01-17,January,Activity 1 Relief,Food,Beneficiary Contact Monitoring,TPM,TPM Monitor 1,Awbare,Awbare FDP 39,,9.356093,42.759069,"9.356093, 42.759069",35,Yes
SUB-00480,2026-01-05,January,Activity 1 Relief,Food,Beneficiary Contact Monitoring,TPM,TPM Monitor 8,Awbare,Awbare FDP 39,,9.356093,42.759069,"9.356093, 42.759069",12,Yes
SUB-00481,2026-01-15,January,Activity 1 Relief,Food,Beneficiary Contact Monitoring,TPM,TPM Monitor 7,Awbare,Awbare FDP 39,,9.356093,42.759069,"9.356093, 42.759069",44,Yes
SUB-00482,2026-01-17,January,Activity 1 Relief,Food,Beneficiary Contact Monitoring,TPM,TPM Monitor 7,Awbare,Awbare FDP 39,,9.356093,42.759069,"9.356093, 42.759069",26,Yes
SUB-00483,2026-01-08,January,Activity 1 Relief,Food,Beneficiary Contact Monitoring,TPM,TPM Monitor 7,Awbare,Awbare FDP 39,,9.356093,42.759069,"9.356093, 42.759069",9,Yes
SUB-00484,2026-01-15,January,Activity 1 Relief,Food,Beneficiary Contact Monitoring,TPM,TPM Monitor 3,Awbare,Awbare FDP 39,,9.356093,42.759069,"9.356093, 42.759069",59,Yes
SUB-00485,2026-01-24,January,Activity 1 Relief,Food,Food Basket Monitoring,TPM,TPM Monitor 8,Awbare,Awbare FDP 39,,9.356093,42.759069,"9.356093, 42.759069",61,Yes
SUB-00486,2026-01-27,January,Activity 1 Relief,Food,Food Basket Monitoring,TPM,TPM Monitor 6,Awbare,Awbare FDP 39,,9.356093,42.759069,"9.356093, 42.759069",13,Yes
SUB-00487,2026-01-18,January,Activity 1 Relief,Food,Food Basket Monitoring,TPM,TPM Monitor 2,Awbare,Awbare FDP 39,,9.356093,42.759069,"9.356093, 42.759069",23,Yes
SUB-00488,2026-01-18,January,Activity 1 Relief,Food,Food Basket Monitoring,TPM,TPM Monitor 7,Awbare,Awbare FDP 39,,9.356093,42.759069,"9.356093, 42.759069",41,Yes
SUB-00489,2026-01-07,January,Activity 1 Relief,Food,Food Basket Monitoring,TPM,TPM Monitor 7,Awbare,Awbare FDP 39,,9.356093,42.759069,"9.356093, 42.759069",63,Yes
SUB-00490,2026-01-14,January,Activity 1 Relief,Food,Warehouse Monitoring,TPM,TPM Monitor 6,Awbare,Awbare FDP 39,,9.356093,42.759069,"9.356093, 42.759069",22,Yes
SUB-00491,2026-01-15,January,Activity 1 Relief,Food,Distribution Observation,TPM,TPM Monitor 3,Awbare,Awbare FDP 39,,9.356093,42.759069,"9.356093, 42.759069",12,Yes
SUB-00492,2026-01-21,January,Activity 1 Relief,Food,Partner Performance Monitoring,TPM,TPM Monitor 2,Awbare,Awbare FDP 39,,9.356093,42.759069,"9.356093, 42.759069",41,Yes
SUB-00493,2026-01-21,January,Activity 1 Relief,Food,Beneficiary Contact Monitoring,TPM,TPM Monitor 4,Awbare,Awbare FDP 40,,9.356423,42.64087,"9.356423, 42.64087",65,Yes
SUB-00494,2026-01-16,January,Activity 1 Relief,Food,Beneficiary Contact Monitoring,TPM,TPM Monitor 6,Awbare,Awbare FDP 40,,9.356423,42.64087,"9.356423, 42.64087",54,Yes
SUB-00495,2026-01-25,January,Activity 1 Relief,Food,Beneficiary Contact Monitoring,TPM,TPM Monitor 3,Awbare,Awbare FDP 40,,9.356423,42.64087,"9.356423, 42.64087",23,Yes
SUB-00496,2026-01-08,January,Activity 1 Relief,Food,Beneficiary Contact Monitoring,TPM,TPM Monitor 3,Awbare,Awbare FDP 40,,9.356423,42.64087,"9.356423, 42.64087",24,Yes
SUB-00497,2026-01-11,January,Activity 1 Relief,Food,Beneficiary Contact Monitoring,TPM,TPM Monitor 3,Awbare,Awbare FDP 40,,9.356423,42.64087,"9.356423, 42.64087",46,Yes
SUB-00498,2026-01-09,January,Activity 1 Relief,Food,Food Basket Monitoring,TPM,TPM Monitor 2,Awbare,Awbare FDP 40,,9.356423,42.64087,"9.356423, 42.64087",19,Yes
SUB-00499,2026-01-25,January,Activity 1 Relief,Food,Food Basket Monitoring,TPM,TPM Monitor 8,Awbare,Awbare FDP 40,,9.356423,42.64087,"9.356423, 42.64087",37,Yes
SUB-00500,2026-01-23,January,Activity 1 Relief,Food,Food Basket Monitoring,TPM,TPM Monitor 8,Awbare,Awbare FDP 40,,9.356423,42.64087,"9.356423, 42.64087",51,Yes
SUB-00501,2026-01-23,January,Activity 1 Relief,Food,Food Basket Monitoring,TPM,TPM Monitor 6,Awbare,Awbare FDP 40,,9.356423,42.64087,"9.356423, 42.64087",63,Yes
SUB-00502,2026-01-25,January,Activity 1 Relief,Food,Food Basket Monitoring,TPM,TPM Monitor 6,Awbare,Awbare FDP 40,,9.356423,42.64087,"9.356423, 42.64087",17,Yes
SUB-00503,2026-01-19,January,Activity 1 Relief,Food,Warehouse Monitoring,TPM,TPM Monitor 2,Awbare,Awbare FDP 40,,9.356423,42.64087,"9.356423, 42.64087",38,Yes
SUB-00504,2026-01-19,January,Activity 1 Relief,Food,Distribution Observation,TPM,TPM Monitor 5,Awbare,Awbare FDP 40,,9.356423,42.64087,"9.356423, 42.64087",58,Yes
SUB-00505,2026-01-13,January,Activity 1 Relief,Food,Partner Performance Monitoring,TPM,TPM Monitor 1,Awbare,Awbare FDP 40,,9.356423,42.64087,"9.356423, 42.64087",30,Yes
SUB-00506,2026-01-21,January,Activity 1 Relief,Food,Beneficiary Contact Monitoring,TPM,TPM Monitor 2,Awbare,Awbare FDP 41,,9.334623,42.804998,"9.334623, 42.804998",27,Yes
SUB-00507,2026-01-19,January,Activity 1 Relief,Food,Beneficiary Contact Monitoring,TPM,TPM Monitor 8,Awbare,Awbare FDP 41,,9.334623,42.804998,"9.334623, 42.804998",10,Yes
SUB-00508,2026-01-06,January,Activity 1 Relief,Food,Beneficiary Contact Monitoring,TPM,TPM Monitor 6,Awbare,Awbare FDP 41,,9.334623,42.804998,"9.334623, 42.804998",61,Yes
SUB-00509,2026-01-14,January,Activity 1 Relief,Food,Beneficiary Contact Monitoring,TPM,TPM Monitor 2,Awbare,Awbare FDP 41,,9.334623,42.804998,"9.334623, 42.804998",49,Yes
SUB-00510,2026-01-07,January,Activity 1 Relief,Food,Beneficiary Contact Monitoring,TPM,TPM Monitor 7,Awbare,Awbare FDP 41,,9.334623,42.804998,"9.334623, 42.804998",37,Yes
SUB-00511,2026-01-23,January,Activity 1 Relief,Food,Beneficiary Contact Monitoring,TPM,TPM Monitor 1,Awbare,Awbare FDP 41,,9.334623,42.804998,"9.334623, 42.804998",36,Yes
SUB-00512,2026-01-23,January,Activity 1 Relief,Food,Food Basket Monitoring,TPM,TPM Monitor 4,Awbare,Awbare FDP 41,,9.334623,42.804998,"9.334623, 42.804998",28,Yes
SUB-00513,2026-01-24,January,Activity 1 Relief,Food,Food Basket Monitoring,TPM,TPM Monitor 8,Awbare,Awbare FDP 41,,9.334623,42.804998,"9.334623, 42.804998",40,Yes
SUB-00514,2026-01-09,January,Activity 1 Relief,Food,Food Basket Monitoring,TPM,TPM Monitor 1,Awbare,Awbare FDP 41,,9.334623,42.804998,"9.334623, 42.804998",36,Yes
SUB-00515,2026-01-08,January,Activity 1 Relief,Food,Food Basket Monitoring,TPM,TPM Monitor 6,Awbare,Awbare FDP 41,,9.334623,42.804998,"9.334623, 42.804998",53,Yes
SUB-00516,2026-01-07,January,Activity 1 Relief,Food,Food Basket Monitoring,TPM,TPM Monitor 3,Awbare,Awbare FDP 41,,9.334623,42.804998,"9.334623, 42.804998",10,Yes
SUB-00517,2026-01-12,January,Activity 1 Relief,Food,Food Basket Monitoring,TPM,TPM Monitor 8,Awbare,Awbare FDP 41,,9.334623,42.804998,"9.334623, 42.804998",36,Yes
SUB-00518,2026-01-21,January,Activity 1 Relief,Food,Warehouse Monitoring,TPM,TPM Monitor 3,Awbare,Awbare FDP 41,,9.334623,42.804998,"9.334623, 42.804998",31,Yes
SUB-00519,2026-01-16,January,Activity 1 Relief,Food,Distribution Observation,TPM,TPM Monitor 5,Awbare,Awbare FDP 41,,9.334623,42.804998,"9.334623, 42.804998",32,Yes
SUB-00520,2026-01-18,January,Activity 1 Relief,Food,Partner Performance Monitoring,TPM,TPM Monitor 6,Awbare,Awbare FDP 41,,9.334623,42.804998,"9.334623, 42.804998",51,Yes
SUB-00521,2026-01-24,January,Activity 1 Relief,Food,Beneficiary Contact Monitoring,WFP,WFP Monitor 1,Awbare,Awbare FDP 42,,9.453453,42.743721,"9.453453, 42.743721",58,Yes
SUB-00522,2026-01-25,January,Activity 1 Relief,Food,Beneficiary Contact Monitoring,WFP,WFP Monitor 6,Awbare,Awbare FDP 42,,9.453453,42.743721,"9.453453, 42.743721",12,Yes
SUB-00523,2026-01-15,January,Activity 1 Relief,Food,Beneficiary Contact Monitoring,WFP,WFP Monitor 2,Awbare,Awbare FDP 42,,9.453453,42.743721,"9.453453, 42.743721",43,Yes
SUB-00524,2026-01-26,January,Activity 1 Relief,Food,Beneficiary Contact Monitoring,WFP,WFP Monitor 7,Awbare,Awbare FDP 42,,9.453453,42.743721,"9.453453, 42.743721",26,Yes
SUB-00525,2026-01-13,January,Activity 1 Relief,Food,Food Basket Monitoring,WFP,WFP Monitor 3,Awbare,Awbare FDP 42,,9.453453,42.743721,"9.453453, 42.743721",29,Yes
SUB-00526,2026-01-07,January,Activity 1 Relief,Food,Food Basket Monitoring,WFP,WFP Monitor 3,Awbare,Awbare FDP 42,,9.453453,42.743721,"9.453453, 42.743721",30,Yes
SUB-00527,2026-01-14,January,Activity 1 Relief,Food,Food Basket Monitoring,WFP,WFP Monitor 7,Awbare,Awbare FDP 42,,9.453453,42.743721,"9.453453, 42.743721",16,Yes
SUB-00528,2026-01-24,January,Activity 1 Relief,Food,Food Basket Monitoring,WFP,WFP Monitor 2,Awbare,Awbare FDP 42,,9.453453,42.743721,"9.453453, 42.743721",27,Yes
SUB-00529,2026-01-22,January,Activity 1 Relief,Food,Food Basket Monitoring,WFP,WFP Monitor 7,Awbare,Awbare FDP 42,,9.453453,42.743721,"9.453453, 42.743721",49,Yes
SUB-00530,2026-01-15,January,Activity 1 Relief,Food,Warehouse Monitoring,WFP,WFP Monitor 3,Awbare,Awbare FDP 42,,9.453453,42.743721,"9.453453, 42.743721",50,Yes
SUB-00531,2026-01-27,January,Activity 1 Relief,Food,Distribution Observation,WFP,WFP Monitor 2,Awbare,Awbare FDP 42,,9.453453,42.743721,"9.453453, 42.743721",49,Yes
SUB-00532,2026-01-26,January,Activity 1 Relief,Cash,Beneficiary Contact Monitoring,TPM,TPM Monitor 7,Babile,Babile FDP 01,,9.163405,42.284877,"9.163405, 42.284877",40,Yes
SUB-00533,2026-01-16,January,Activity 1 Relief,Cash,Beneficiary Contact Monitoring,TPM,TPM Monitor 1,Babile,Babile FDP 01,,9.163405,42.284877,"9.163405, 42.284877",31,Yes
SUB-00534,2026-01-14,January,Activity 1 Relief,Cash,Beneficiary Contact Monitoring,TPM,TPM Monitor 3,Babile,Babile FDP 01,,9.163405,42.284877,"9.163405, 42.284877",21,Yes
SUB-00535,2026-01-15,January,Activity 1 Relief,Cash,Beneficiary Contact Monitoring,TPM,TPM Monitor 8,Babile,Babile FDP 01,,9.163405,42.284877,"9.163405, 42.284877",20,Yes
SUB-00536,2026-01-12,January,Activity 1 Relief,Cash,Beneficiary Contact Monitoring,TPM,TPM Monitor 3,Babile,Babile FDP 01,,9.163405,42.284877,"9.163405, 42.284877",17,Yes
SUB-00537,2026-01-07,January,Activity 1 Relief,Cash,Beneficiary Contact Monitoring,TPM,TPM Monitor 5,Babile,Babile FDP 01,,9.163405,42.284877,"9.163405, 42.284877",62,Yes
SUB-00538,2026-01-08,January,Activity 1 Relief,Cash,Food Basket Monitoring,TPM,TPM Monitor 1,Babile,Babile FDP 01,,9.163405,42.284877,"9.163405, 42.284877",50,Yes
SUB-00539,2026-01-15,January,Activity 1 Relief,Cash,Food Basket Monitoring,TPM,TPM Monitor 3,Babile,Babile FDP 01,,9.163405,42.284877,"9.163405, 42.284877",46,Yes
SUB-00540,2026-01-17,January,Activity 1 Relief,Cash,Food Basket Monitoring,TPM,TPM Monitor 3,Babile,Babile FDP 01,,9.163405,42.284877,"9.163405, 42.284877",18,Yes
SUB-00541,2026-01-10,January,Activity 1 Relief,Cash,Food Basket Monitoring,TPM,TPM Monitor 3,Babile,Babile FDP 01,,9.163405,42.284877,"9.163405, 42.284877",54,Yes
SUB-00542,2026-01-19,January,Activity 1 Relief,Cash,Food Basket Monitoring,TPM,TPM Monitor 1,Babile,Babile FDP 01,,9.163405,42.284877,"9.163405, 42.284877",34,Yes
SUB-00543,2026-01-16,January,Activity 1 Relief,Cash,Food Basket Monitoring,TPM,TPM Monitor 4,Babile,Babile FDP 01,,9.163405,42.284877,"9.163405, 42.284877",36,Yes
SUB-00544,2026-01-24,January,Activity 1 Relief,Cash,Warehouse Monitoring,TPM,TPM Monitor 5,Babile,Babile FDP 01,,9.163405,42.284877,"9.163405, 42.284877",56,Yes
SUB-00545,2026-01-28,January,Activity 1 Relief,Cash,Distribution Observation,TPM,TPM Monitor 8,Babile,Babile FDP 01,,9.163405,42.284877,"9.163405, 42.284877",22,Yes
SUB-00546,2026-01-22,January,Activity 1 Relief,Cash,Partner Performance Monitoring,TPM,TPM Monitor 4,Babile,Babile FDP 01,,9.163405,42.284877,"9.163405, 42.284877",27,Yes
SUB-00547,2026-01-20,January,Activity 1 Relief,Cash,Beneficiary Contact Monitoring,TPM,TPM Monitor 4,Babile,Babile FDP 02,,9.284078,42.343013,"9.284078, 42.343013",31,Yes
SUB-00548,2026-01-26,January,Activity 1 Relief,Cash,Beneficiary Contact Monitoring,TPM,TPM Monitor 8,Babile,Babile FDP 02,,9.284078,42.343013,"9.284078, 42.343013",37,Yes
SUB-00549,2026-01-14,January,Activity 1 Relief,Cash,Beneficiary Contact Monitoring,TPM,TPM Monitor 7,Babile,Babile FDP 02,,9.284078,42.343013,"9.284078, 42.343013",40,Yes
SUB-00550,2026-01-21,January,Activity 1 Relief,Cash,Beneficiary Contact Monitoring,TPM,TPM Monitor 7,Babile,Babile FDP 02,,9.284078,42.343013,"9.284078, 42.343013",18,Yes
SUB-00551,2026-01-11,January,Activity 1 Relief,Cash,Beneficiary Contact Monitoring,TPM,TPM Monitor 3,Babile,Babile FDP 02,,9.284078,42.343013,"9.284078, 42.343013",63,Yes
SUB-00552,2026-01-13,January,Activity 1 Relief,Cash,Beneficiary Contact Monitoring,TPM,TPM Monitor 1,Babile,Babile FDP 02,,9.284078,42.343013,"9.284078, 42.343013",49,Yes
SUB-00553,2026-01-20,January,Activity 1 Relief,Cash,Food Basket Monitoring,TPM,TPM Monitor 6,Babile,Babile FDP 02,,9.284078,42.343013,"9.284078, 42.343013",43,Yes
SUB-00554,2026-01-08,January,Activity 1 Relief,Cash,Food Basket Monitoring,TPM,TPM Monitor 2,Babile,Babile FDP 02,,9.284078,42.343013,"9.284078, 42.343013",26,Yes
SUB-00555,2026-01-07,January,Activity 1 Relief,Cash,Food Basket Monitoring,TPM,TPM Monitor 3,Babile,Babile FDP 02,,9.284078,42.343013,"9.284078, 42.343013",25,Yes
SUB-00556,2026-01-19,January,Activity 1 Relief,Cash,Food Basket Monitoring,TPM,TPM Monitor 3,Babile,Babile FDP 02,,9.284078,42.343013,"9.284078, 42.343013",61,Yes
SUB-00557,2026-01-18,January,Activity 1 Relief,Cash,Food Basket Monitoring,TPM,TPM Monitor 2,Babile,Babile FDP 02,,9.284078,42.343013,"9.284078, 42.343013",22,Yes
SUB-00558,2026-01-19,January,Activity 1 Relief,Cash,Food Basket Monitoring,TPM,TPM Monitor 6,Babile,Babile FDP 02,,9.284078,42.343013,"9.284078, 42.343013",9,Yes
SUB-00559,2026-01-18,January,Activity 1 Relief,Cash,Warehouse Monitoring,TPM,TPM Monitor 1,Babile,Babile FDP 02,,9.284078,42.343013,"9.284078, 42.343013",33,Yes
SUB-00560,2026-01-21,January,Activity 1 Relief,Cash,Distribution Observation,TPM,TPM Monitor 6,Babile,Babile FDP 02,,9.284078,42.343013,"9.284078, 42.343013",23,Yes
SUB-00561,2026-01-17,January,Activity 1 Relief,Cash,Partner Performance Monitoring,TPM,TPM Monitor 2,Babile,Babile FDP 02,,9.284078,42.343013,"9.284078, 42.343013",31,Yes
SUB-00562,2026-01-12,January,Activity 1 Relief,Cash,Beneficiary Contact Monitoring,WFP,WFP Monitor 1,Babile,Babile FDP 03,,9.182917,42.355929,"9.182917, 42.355929",28,Yes
SUB-00563,2026-01-08,January,Activity 1 Relief,Cash,Beneficiary Contact Monitoring,WFP,WFP Monitor 6,Babile,Babile FDP 03,,9.182917,42.355929,"9.182917, 42.355929",58,Yes
SUB-00564,2026-01-09,January,Activity 1 Relief,Cash,Beneficiary Contact Monitoring,WFP,WFP Monitor 3,Babile,Babile FDP 03,,9.182917,42.355929,"9.182917, 42.355929",10,Yes
SUB-00565,2026-01-14,January,Activity 1 Relief,Cash,Beneficiary Contact Monitoring,WFP,WFP Monitor 8,Babile,Babile FDP 03,,9.182917,42.355929,"9.182917, 42.355929",52,Yes
SUB-00566,2026-01-09,January,Activity 1 Relief,Cash,Beneficiary Contact Monitoring,WFP,WFP Monitor 8,Babile,Babile FDP 03,,9.182917,42.355929,"9.182917, 42.355929",36,Yes
SUB-00567,2026-01-24,January,Activity 1 Relief,Cash,Beneficiary Contact Monitoring,WFP,WFP Monitor 1,Babile,Babile FDP 03,,9.182917,42.355929,"9.182917, 42.355929",65,Yes
SUB-00568,2026-01-07,January,Activity 1 Relief,Cash,Food Basket Monitoring,WFP,WFP Monitor 1,Babile,Babile FDP 03,,9.182917,42.355929,"9.182917, 42.355929",24,Yes
SUB-00569,2026-01-11,January,Activity 1 Relief,Cash,Food Basket Monitoring,WFP,WFP Monitor 3,Babile,Babile FDP 03,,9.182917,42.355929,"9.182917, 42.355929",43,Yes
SUB-00570,2026-01-28,January,Activity 1 Relief,Cash,Food Basket Monitoring,WFP,WFP Monitor 7,Babile,Babile FDP 03,,9.182917,42.355929,"9.182917, 42.355929",15,Yes
SUB-00571,2026-01-14,January,Activity 1 Relief,Cash,Food Basket Monitoring,WFP,WFP Monitor 4,Babile,Babile FDP 03,,9.182917,42.355929,"9.182917, 42.355929",27,Yes
SUB-00572,2026-01-08,January,Activity 1 Relief,Cash,Food Basket Monitoring,WFP,WFP Monitor 1,Babile,Babile FDP 03,,9.182917,42.355929,"9.182917, 42.355929",23,Yes
SUB-00573,2026-01-18,January,Activity 1 Relief,Cash,Warehouse Monitoring,WFP,WFP Monitor 8,Babile,Babile FDP 03,,9.182917,42.355929,"9.182917, 42.355929",12,Yes
SUB-00574,2026-01-08,January,Activity 1 Relief,Cash,Distribution Observation,WFP,WFP Monitor 8,Babile,Babile FDP 03,,9.182917,42.355929,"9.182917, 42.355929",46,Yes
SUB-00575,2026-01-22,January,Activity 1 Relief,Cash,Partner Performance Monitoring,WFP,WFP Monitor 1,Babile,Babile FDP 03,,9.182917,42.355929,"9.182917, 42.355929",48,Yes
SUB-00576,2026-01-21,January,Activity 1 Relief,Cash,Beneficiary Contact Monitoring,TPM,TPM Monitor 4,Babile,Babile FDP 04,,9.226795,42.387805,"9.226795, 42.387805",53,Yes
SUB-00577,2026-01-09,January,Activity 1 Relief,Cash,Beneficiary Contact Monitoring,TPM,TPM Monitor 5,Babile,Babile FDP 04,,9.226795,42.387805,"9.226795, 42.387805",35,Yes
SUB-00578,2026-01-05,January,Activity 1 Relief,Cash,Beneficiary Contact Monitoring,TPM,TPM Monitor 6,Babile,Babile FDP 04,,9.226795,42.387805,"9.226795, 42.387805",23,Yes
SUB-00579,2026-01-23,January,Activity 1 Relief,Cash,Beneficiary Contact Monitoring,TPM,TPM Monitor 7,Babile,Babile FDP 04,,9.226795,42.387805,"9.226795, 42.387805",19,Yes
SUB-00580,2026-01-26,January,Activity 1 Relief,Cash,Beneficiary Contact Monitoring,TPM,TPM Monitor 2,Babile,Babile FDP 04,,9.226795,42.387805,"9.226795, 42.387805",41,Yes
SUB-00581,2026-01-16,January,Activity 1 Relief,Cash,Beneficiary Contact Monitoring,TPM,TPM Monitor 2,Babile,Babile FDP 04,,9.226795,42.387805,"9.226795, 42.387805",41,Yes
SUB-00582,2026-01-22,January,Activity 1 Relief,Cash,Food Basket Monitoring,TPM,TPM Monitor 1,Babile,Babile FDP 04,,9.226795,42.387805,"9.226795, 42.387805",32,Yes
SUB-00583,2026-01-20,January,Activity 1 Relief,Cash,Food Basket Monitoring,TPM,TPM Monitor 1,Babile,Babile FDP 04,,9.226795,42.387805,"9.226795, 42.387805",48,Yes
SUB-00584,2026-01-17,January,Activity 1 Relief,Cash,Food Basket Monitoring,TPM,TPM Monitor 6,Babile,Babile FDP 04,,9.226795,42.387805,"9.226795, 42.387805",24,Yes
SUB-00585,2026-01-28,January,Activity 1 Relief,Cash,Food Basket Monitoring,TPM,TPM Monitor 1,Babile,Babile FDP 04,,9.226795,42.387805,"9.226795, 42.387805",30,Yes
SUB-00586,2026-01-07,January,Activity 1 Relief,Cash,Warehouse Monitoring,TPM,TPM Monitor 6,Babile,Babile FDP 04,,9.226795,42.387805,"9.226795, 42.387805",23,Yes
SUB-00587,2026-01-28,January,Activity 1 Relief,Cash,Distribution Observation,TPM,TPM Monitor 2,Babile,Babile FDP 04,,9.226795,42.387805,"9.226795, 42.387805",57,Yes
SUB-00588,2026-01-23,January,Activity 1 Relief,Cash,Partner Performance Monitoring,TPM,TPM Monitor 6,Babile,Babile FDP 04,,9.226795,42.387805,"9.226795, 42.387805",16,Yes
SUB-00589,2026-01-06,January,Activity 1 Relief,Cash,Beneficiary Contact Monitoring,TPM,TPM Monitor 6,Babile,Babile FDP 05,,9.170856,42.297064,"9.170856, 42.297064",42,Yes
SUB-00590,2026-01-15,January,Activity 1 Relief,Cash,Beneficiary Contact Monitoring,TPM,TPM Monitor 3,Babile,Babile FDP 05,,9.170856,42.297064,"9.170856, 42.297064",61,Yes
SUB-00591,2026-01-26,January,Activity 1 Relief,Cash,Beneficiary Contact Monitoring,TPM,TPM Monitor 8,Babile,Babile FDP 05,,9.170856,42.297064,"9.170856, 42.297064",52,Yes
SUB-00592,2026-01-20,January,Activity 1 Relief,Cash,Beneficiary Contact Monitoring,TPM,TPM Monitor 3,Babile,Babile FDP 05,,9.170856,42.297064,"9.170856, 42.297064",59,Yes
SUB-00593,2026-01-09,January,Activity 1 Relief,Cash,Beneficiary Contact Monitoring,TPM,TPM Monitor 2,Babile,Babile FDP 05,,9.170856,42.297064,"9.170856, 42.297064",53,Yes
SUB-00594,2026-01-19,January,Activity 1 Relief,Cash,Beneficiary Contact Monitoring,TPM,TPM Monitor 1,Babile,Babile FDP 05,,9.170856,42.297064,"9.170856, 42.297064",26,Yes
SUB-00595,2026-01-11,January,Activity 1 Relief,Cash,Food Basket Monitoring,TPM,TPM Monitor 1,Babile,Babile FDP 05,,9.170856,42.297064,"9.170856, 42.297064",58,Yes
SUB-00596,2026-01-11,January,Activity 1 Relief,Cash,Food Basket Monitoring,TPM,TPM Monitor 1,Babile,Babile FDP 05,,9.170856,42.297064,"9.170856, 42.297064",28,Yes
SUB-00597,2026-01-14,January,Activity 1 Relief,Cash,Food Basket Monitoring,TPM,TPM Monitor 7,Babile,Babile FDP 05,,9.170856,42.297064,"9.170856, 42.297064",60,Yes
SUB-00598,2026-01-22,January,Activity 1 Relief,Cash,Food Basket Monitoring,TPM,TPM Monitor 8,Babile,Babile FDP 05,,9.170856,42.297064,"9.170856, 42.297064",24,Yes
SUB-00599,2026-01-06,January,Activity 1 Relief,Cash,Warehouse Monitoring,TPM,TPM Monitor 4,Babile,Babile FDP 05,,9.170856,42.297064,"9.170856, 42.297064",26,Yes
SUB-00600,2026-01-16,January,Activity 1 Relief,Cash,Distribution Observation,TPM,TPM Monitor 1,Babile,Babile FDP 05,,9.170856,42.297064,"9.170856, 42.297064",63,Yes
SUB-00601,2026-01-25,January,Activity 1 Relief,Cash,Partner Performance Monitoring,TPM,TPM Monitor 6,Babile,Babile FDP 05,,9.170856,42.297064,"9.170856, 42.297064",25,Yes
SUB-00602,2026-01-08,January,Activity 1 Relief,Cash,Beneficiary Contact Monitoring,TPM,TPM Monitor 6,Babile,Babile FDP 06,,9.192552,42.217554,"9.192552, 42.217554",35,Yes
SUB-00603,2026-01-17,January,Activity 1 Relief,Cash,Beneficiary Contact Monitoring,TPM,TPM Monitor 8,Babile,Babile FDP 06,,9.192552,42.217554,"9.192552, 42.217554",65,Yes
SUB-00604,2026-01-17,January,Activity 1 Relief,Cash,Beneficiary Contact Monitoring,TPM,TPM Monitor 6,Babile,Babile FDP 06,,9.192552,42.217554,"9.192552, 42.217554",19,Yes
SUB-00605,2026-01-20,January,Activity 1 Relief,Cash,Beneficiary Contact Monitoring,TPM,TPM Monitor 8,Babile,Babile FDP 06,,9.192552,42.217554,"9.192552, 42.217554",31,Yes
SUB-00606,2026-01-21,January,Activity 1 Relief,Cash,Beneficiary Contact Monitoring,TPM,TPM Monitor 5,Babile,Babile FDP 06,,9.192552,42.217554,"9.192552, 42.217554",59,Yes
SUB-00607,2026-01-07,January,Activity 1 Relief,Cash,Beneficiary Contact Monitoring,TPM,TPM Monitor 7,Babile,Babile FDP 06,,9.192552,42.217554,"9.192552, 42.217554",13,Yes
SUB-00608,2026-01-18,January,Activity 1 Relief,Cash,Food Basket Monitoring,TPM,TPM Monitor 3,Babile,Babile FDP 06,,9.192552,42.217554,"9.192552, 42.217554",42,Yes
SUB-00609,2026-01-14,January,Activity 1 Relief,Cash,Food Basket Monitoring,TPM,TPM Monitor 6,Babile,Babile FDP 06,,9.192552,42.217554,"9.192552, 42.217554",14,Yes
SUB-00610,2026-01-07,January,Activity 1 Relief,Cash,Food Basket Monitoring,TPM,TPM Monitor 6,Babile,Babile FDP 06,,9.192552,42.217554,"9.192552, 42.217554",50,Yes
SUB-00611,2026-01-14,January,Activity 1 Relief,Cash,Food Basket Monitoring,TPM,TPM Monitor 5,Babile,Babile FDP 06,,9.192552,42.217554,"9.192552, 42.217554",36,Yes
SUB-00612,2026-01-24,January,Activity 1 Relief,Cash,Food Basket Monitoring,TPM,TPM Monitor 7,Babile,Babile FDP 06,,9.192552,42.217554,"9.192552, 42.217554",18,Yes
SUB-00613,2026-01-27,January,Activity 1 Relief,Cash,Food Basket Monitoring,TPM,TPM Monitor 8,Babile,Babile FDP 06,,9.192552,42.217554,"9.192552, 42.217554",30,Yes
SUB-00614,2026-01-19,January,Activity 1 Relief,Cash,Warehouse Monitoring,TPM,TPM Monitor 1,Babile,Babile FDP 06,,9.192552,42.217554,"9.192552, 42.217554",54,Yes
SUB-00615,2026-01-16,January,Activity 1 Relief,Cash,Distribution Observation,TPM,TPM Monitor 7,Babile,Babile FDP 06,,9.192552,42.217554,"9.192552, 42.217554",25,Yes
SUB-00616,2026-01-25,January,Activity 1 Relief,Cash,Partner Performance Monitoring,TPM,TPM Monitor 1,Babile,Babile FDP 06,,9.192552,42.217554,"9.192552, 42.217554",12,Yes
SUB-00617,2026-01-26,January,Activity 1 Relief,Cash,Beneficiary Contact Monitoring,TPM,TPM Monitor 7,Babile,Babile FDP 07,,9.240728,42.338274,"9.240728, 42.338274",31,Yes
SUB-00618,2026-01-21,January,Activity 1 Relief,Cash,Beneficiary Contact Monitoring,TPM,TPM Monitor 3,Babile,Babile FDP 07,,9.240728,42.338274,"9.240728, 42.338274",9,Yes
SUB-00619,2026-01-09,January,Activity 1 Relief,Cash,Beneficiary Contact Monitoring,TPM,TPM Monitor 8,Babile,Babile FDP 07,,9.240728,42.338274,"9.240728, 42.338274",10,Yes
SUB-00620,2026-01-09,January,Activity 1 Relief,Cash,Beneficiary Contact Monitoring,TPM,TPM Monitor 2,Babile,Babile FDP 07,,9.240728,42.338274,"9.240728, 42.338274",23,Yes
SUB-00621,2026-01-25,January,Activity 1 Relief,Cash,Food Basket Monitoring,TPM,TPM Monitor 6,Babile,Babile FDP 07,,9.240728,42.338274,"9.240728, 42.338274",31,Yes
SUB-00622,2026-01-17,January,Activity 1 Relief,Cash,Food Basket Monitoring,TPM,TPM Monitor 1,Babile,Babile FDP 07,,9.240728,42.338274,"9.240728, 42.338274",46,Yes
SUB-00623,2026-01-09,January,Activity 1 Relief,Cash,Food Basket Monitoring,TPM,TPM Monitor 8,Babile,Babile FDP 07,,9.240728,42.338274,"9.240728, 42.338274",31,Yes
SUB-00624,2026-01-16,January,Activity 1 Relief,Cash,Food Basket Monitoring,TPM,TPM Monitor 8,Babile,Babile FDP 07,,9.240728,42.338274,"9.240728, 42.338274",56,Yes
SUB-00625,2026-01-07,January,Activity 1 Relief,Cash,Food Basket Monitoring,TPM,TPM Monitor 3,Babile,Babile FDP 07,,9.240728,42.338274,"9.240728, 42.338274",41,Yes
SUB-00626,2026-01-16,January,Activity 1 Relief,Cash,Food Basket Monitoring,TPM,TPM Monitor 7,Babile,Babile FDP 07,,9.240728,42.338274,"9.240728, 42.338274",28,Yes
SUB-00627,2026-01-25,January,Activity 1 Relief,Cash,Warehouse Monitoring,TPM,TPM Monitor 5,Babile,Babile FDP 07,,9.240728,42.338274,"9.240728, 42.338274",23,Yes
SUB-00628,2026-01-08,January,Activity 1 Relief,Cash,Distribution Observation,TPM,TPM Monitor 1,Babile,Babile FDP 07,,9.240728,42.338274,"9.240728, 42.338274",55,Yes
SUB-00629,2026-01-10,January,Activity 1 Relief,Cash,Partner Performance Monitoring,TPM,TPM Monitor 8,Babile,Babile FDP 07,,9.240728,42.338274,"9.240728, 42.338274",41,Yes
SUB-00630,2026-01-17,January,Activity 1 Relief,Cash,Beneficiary Contact Monitoring,TPM,TPM Monitor 2,Babile,Babile FDP 08,,9.220358,42.303579,"9.220358, 42.303579",24,Yes
SUB-00631,2026-01-13,January,Activity 1 Relief,Cash,Beneficiary Contact Monitoring,TPM,TPM Monitor 8,Babile,Babile FDP 08,,9.220358,42.303579,"9.220358, 42.303579",21,Yes
SUB-00632,2026-01-24,January,Activity 1 Relief,Cash,Beneficiary Contact Monitoring,TPM,TPM Monitor 5,Babile,Babile FDP 08,,9.220358,42.303579,"9.220358, 42.303579",52,Yes
SUB-00633,2026-01-20,January,Activity 1 Relief,Cash,Beneficiary Contact Monitoring,TPM,TPM Monitor 4,Babile,Babile FDP 08,,9.220358,42.303579,"9.220358, 42.303579",15,Yes
SUB-00634,2026-01-09,January,Activity 1 Relief,Cash,Beneficiary Contact Monitoring,TPM,TPM Monitor 2,Babile,Babile FDP 08,,9.220358,42.303579,"9.220358, 42.303579",36,Yes
SUB-00635,2026-01-10,January,Activity 1 Relief,Cash,Food Basket Monitoring,TPM,TPM Monitor 8,Babile,Babile FDP 08,,9.220358,42.303579,"9.220358, 42.303579",13,Yes
SUB-00636,2026-01-26,January,Activity 1 Relief,Cash,Food Basket Monitoring,TPM,TPM Monitor 6,Babile,Babile FDP 08,,9.220358,42.303579,"9.220358, 42.303579",50,Yes
SUB-00637,2026-01-16,January,Activity 1 Relief,Cash,Food Basket Monitoring,TPM,TPM Monitor 2,Babile,Babile FDP 08,,9.220358,42.303579,"9.220358, 42.303579",43,Yes
SUB-00638,2026-01-22,January,Activity 1 Relief,Cash,Food Basket Monitoring,TPM,TPM Monitor 5,Babile,Babile FDP 08,,9.220358,42.303579,"9.220358, 42.303579",65,Yes
SUB-00639,2026-01-14,January,Activity 1 Relief,Cash,Food Basket Monitoring,TPM,TPM Monitor 3,Babile,Babile FDP 08,,9.220358,42.303579,"9.220358, 42.303579",53,Yes
SUB-00640,2026-01-27,January,Activity 1 Relief,Cash,Food Basket Monitoring,TPM,TPM Monitor 3,Babile,Babile FDP 08,,9.220358,42.303579,"9.220358, 42.303579",58,Yes
SUB-00641,2026-01-16,January,Activity 1 Relief,Cash,Warehouse Monitoring,TPM,TPM Monitor 4,Babile,Babile FDP 08,,9.220358,42.303579,"9.220358, 42.303579",15,Yes
SUB-00642,2026-01-11,January,Activity 1 Relief,Cash,Distribution Observation,TPM,TPM Monitor 3,Babile,Babile FDP 08,,9.220358,42.303579,"9.220358, 42.303579",23,Yes
SUB-00643,2026-01-20,January,Activity 1 Relief,Cash,Partner Performance Monitoring,TPM,TPM Monitor 1,Babile,Babile FDP 08,,9.220358,42.303579,"9.220358, 42.303579",31,Yes
SUB-00644,2026-01-22,January,Activity 1 Relief,Cash,Beneficiary Contact Monitoring,TPM,TPM Monitor 6,Babile,Babile FDP 09,,9.120924,42.290555,"9.120924, 42.290555",37,Yes
SUB-00645,2026-01-22,January,Activity 1 Relief,Cash,Beneficiary Contact Monitoring,TPM,TPM Monitor 3,Babile,Babile FDP 09,,9.120924,42.290555,"9.120924, 42.290555",47,Yes
SUB-00646,2026-01-07,January,Activity 1 Relief,Cash,Beneficiary Contact Monitoring,TPM,TPM Monitor 2,Babile,Babile FDP 09,,9.120924,42.290555,"9.120924, 42.290555",27,Yes
SUB-00647,2026-01-17,January,Activity 1 Relief,Cash,Beneficiary Contact Monitoring,TPM,TPM Monitor 8,Babile,Babile FDP 09,,9.120924,42.290555,"9.120924, 42.290555",41,Yes
SUB-00648,2026-01-18,January,Activity 1 Relief,Cash,Beneficiary Contact Monitoring,TPM,TPM Monitor 7,Babile,Babile FDP 09,,9.120924,42.290555,"9.120924, 42.290555",60,Yes
SUB-00649,2026-01-23,January,Activity 1 Relief,Cash,Food Basket Monitoring,TPM,TPM Monitor 2,Babile,Babile FDP 09,,9.120924,42.290555,"9.120924, 42.290555",16,Yes
SUB-00650,2026-01-15,January,Activity 1 Relief,Cash,Food Basket Monitoring,TPM,TPM Monitor 2,Babile,Babile FDP 09,,9.120924,42.290555,"9.120924, 42.290555",36,Yes
SUB-00651,2026-01-19,January,Activity 1 Relief,Cash,Food Basket Monitoring,TPM,TPM Monitor 6,Babile,Babile FDP 09,,9.120924,42.290555,"9.120924, 42.290555",16,Yes
SUB-00652,2026-01-22,January,Activity 1 Relief,Cash,Food Basket Monitoring,TPM,TPM Monitor 3,Babile,Babile FDP 09,,9.120924,42.290555,"9.120924, 42.290555",57,Yes
SUB-00653,2026-01-09,January,Activity 1 Relief,Cash,Warehouse Monitoring,TPM,TPM Monitor 7,Babile,Babile FDP 09,,9.120924,42.290555,"9.120924, 42.290555",40,Yes
SUB-00654,2026-01-06,January,Activity 1 Relief,Cash,Distribution Observation,TPM,TPM Monitor 2,Babile,Babile FDP 09,,9.120924,42.290555,"9.120924, 42.290555",41,Yes
SUB-00655,2026-01-09,January,Activity 1 Relief,Cash,Partner Performance Monitoring,TPM,TPM Monitor 5,Babile,Babile FDP 09,,9.120924,42.290555,"9.120924, 42.290555",18,Yes
SUB-00656,2026-01-10,January,Activity 1 Relief,Cash,Beneficiary Contact Monitoring,TPM,TPM Monitor 6,Babile,Babile FDP 10,,9.19601,42.263841,"9.19601, 42.263841",53,Yes
SUB-00657,2026-01-12,January,Activity 1 Relief,Cash,Beneficiary Contact Monitoring,TPM,TPM Monitor 6,Babile,Babile FDP 10,,9.19601,42.263841,"9.19601, 42.263841",41,Yes
SUB-00658,2026-01-14,January,Activity 1 Relief,Cash,Beneficiary Contact Monitoring,TPM,TPM Monitor 2,Babile,Babile FDP 10,,9.19601,42.263841,"9.19601, 42.263841",24,Yes
SUB-00659,2026-01-11,January,Activity 1 Relief,Cash,Beneficiary Contact Monitoring,TPM,TPM Monitor 5,Babile,Babile FDP 10,,9.19601,42.263841,"9.19601, 42.263841",16,Yes
SUB-00660,2026-01-25,January,Activity 1 Relief,Cash,Beneficiary Contact Monitoring,TPM,TPM Monitor 5,Babile,Babile FDP 10,,9.19601,42.263841,"9.19601, 42.263841",47,Yes
SUB-00661,2026-01-22,January,Activity 1 Relief,Cash,Beneficiary Contact Monitoring,TPM,TPM Monitor 2,Babile,Babile FDP 10,,9.19601,42.263841,"9.19601, 42.263841",40,Yes
SUB-00662,2026-01-25,January,Activity 1 Relief,Cash,Food Basket Monitoring,TPM,TPM Monitor 3,Babile,Babile FDP 10,,9.19601,42.263841,"9.19601, 42.263841",45,Yes
SUB-00663,2026-01-23,January,Activity 1 Relief,Cash,Food Basket Monitoring,TPM,TPM Monitor 3,Babile,Babile FDP 10,,9.19601,42.263841,"9.19601, 42.263841",18,Yes
SUB-00664,2026-01-26,January,Activity 1 Relief,Cash,Food Basket Monitoring,TPM,TPM Monitor 6,Babile,Babile FDP 10,,9.19601,42.263841,"9.19601, 42.263841",61,Yes
SUB-00665,2026-01-23,January,Activity 1 Relief,Cash,Food Basket Monitoring,TPM,TPM Monitor 1,Babile,Babile FDP 10,,9.19601,42.263841,"9.19601, 42.263841",60,Yes
SUB-00666,2026-01-05,January,Activity 1 Relief,Cash,Food Basket Monitoring,TPM,TPM Monitor 2,Babile,Babile FDP 10,,9.19601,42.263841,"9.19601, 42.263841",10,Yes
SUB-00667,2026-01-25,January,Activity 1 Relief,Cash,Warehouse Monitoring,TPM,TPM Monitor 5,Babile,Babile FDP 10,,9.19601,42.263841,"9.19601, 42.263841",49,Yes
SUB-00668,2026-01-11,January,Activity 1 Relief,Cash,Distribution Observation,TPM,TPM Monitor 7,Babile,Babile FDP 10,,9.19601,42.263841,"9.19601, 42.263841",47,Yes
SUB-00669,2026-01-25,January,Activity 1 Relief,Cash,Partner Performance Monitoring,TPM,TPM Monitor 1,Babile,Babile FDP 10,,9.19601,42.263841,"9.19601, 42.263841",39,Yes
SUB-00670,2026-01-25,January,Activity 1 Relief,Cash,Beneficiary Contact Monitoring,TPM,TPM Monitor 5,Babile,Babile FDP 11,,9.20871,42.348284,"9.20871, 42.348284",49,Yes
SUB-00671,2026-01-14,January,Activity 1 Relief,Cash,Beneficiary Contact Monitoring,TPM,TPM Monitor 8,Babile,Babile FDP 11,,9.20871,42.348284,"9.20871, 42.348284",23,Yes
SUB-00672,2026-01-26,January,Activity 1 Relief,Cash,Beneficiary Contact Monitoring,TPM,TPM Monitor 7,Babile,Babile FDP 11,,9.20871,42.348284,"9.20871, 42.348284",27,Yes
SUB-00673,2026-01-19,January,Activity 1 Relief,Cash,Beneficiary Contact Monitoring,TPM,TPM Monitor 2,Babile,Babile FDP 11,,9.20871,42.348284,"9.20871, 42.348284",52,Yes
SUB-00674,2026-01-06,January,Activity 1 Relief,Cash,Beneficiary Contact Monitoring,TPM,TPM Monitor 3,Babile,Babile FDP 11,,9.20871,42.348284,"9.20871, 42.348284",36,Yes
SUB-00675,2026-01-18,January,Activity 1 Relief,Cash,Food Basket Monitoring,TPM,TPM Monitor 8,Babile,Babile FDP 11,,9.20871,42.348284,"9.20871, 42.348284",37,Yes
SUB-00676,2026-01-11,January,Activity 1 Relief,Cash,Food Basket Monitoring,TPM,TPM Monitor 6,Babile,Babile FDP 11,,9.20871,42.348284,"9.20871, 42.348284",46,Yes
SUB-00677,2026-01-09,January,Activity 1 Relief,Cash,Food Basket Monitoring,TPM,TPM Monitor 6,Babile,Babile FDP 11,,9.20871,42.348284,"9.20871, 42.348284",63,Yes
SUB-00678,2026-01-27,January,Activity 1 Relief,Cash,Food Basket Monitoring,TPM,TPM Monitor 6,Babile,Babile FDP 11,,9.20871,42.348284,"9.20871, 42.348284",54,Yes
SUB-00679,2026-01-16,January,Activity 1 Relief,Cash,Food Basket Monitoring,TPM,TPM Monitor 7,Babile,Babile FDP 11,,9.20871,42.348284,"9.20871, 42.348284",16,Yes
SUB-00680,2026-01-16,January,Activity 1 Relief,Cash,Food Basket Monitoring,TPM,TPM Monitor 2,Babile,Babile FDP 11,,9.20871,42.348284,"9.20871, 42.348284",28,Yes
SUB-00681,2026-01-12,January,Activity 1 Relief,Cash,Warehouse Monitoring,TPM,TPM Monitor 8,Babile,Babile FDP 11,,9.20871,42.348284,"9.20871, 42.348284",15,Yes
SUB-00682,2026-01-13,January,Activity 1 Relief,Cash,Distribution Observation,TPM,TPM Monitor 8,Babile,Babile FDP 11,,9.20871,42.348284,"9.20871, 42.348284",23,Yes
SUB-00683,2026-01-09,January,Activity 1 Relief,Cash,Partner Performance Monitoring,TPM,TPM Monitor 2,Babile,Babile FDP 11,,9.20871,42.348284,"9.20871, 42.348284",11,Yes
SUB-00684,2026-01-14,January,Activity 1 Relief,Cash,Beneficiary Contact Monitoring,TPM,TPM Monitor 7,Babile,Babile FDP 12,,9.352033,42.33222,"9.352033, 42.33222",63,Yes
SUB-00685,2026-01-24,January,Activity 1 Relief,Cash,Beneficiary Contact Monitoring,TPM,TPM Monitor 7,Babile,Babile FDP 12,,9.352033,42.33222,"9.352033, 42.33222",23,Yes
SUB-00686,2026-01-10,January,Activity 1 Relief,Cash,Beneficiary Contact Monitoring,TPM,TPM Monitor 6,Babile,Babile FDP 12,,9.352033,42.33222,"9.352033, 42.33222",44,Yes
SUB-00687,2026-01-28,January,Activity 1 Relief,Cash,Beneficiary Contact Monitoring,TPM,TPM Monitor 6,Babile,Babile FDP 12,,9.352033,42.33222,"9.352033, 42.33222",20,Yes
SUB-00688,2026-01-10,January,Activity 1 Relief,Cash,Beneficiary Contact Monitoring,TPM,TPM Monitor 8,Babile,Babile FDP 12,,9.352033,42.33222,"9.352033, 42.33222",40,Yes
SUB-00689,2026-01-19,January,Activity 1 Relief,Cash,Food Basket Monitoring,TPM,TPM Monitor 8,Babile,Babile FDP 12,,9.352033,42.33222,"9.352033, 42.33222",64,Yes
SUB-00690,2026-01-14,January,Activity 1 Relief,Cash,Food Basket Monitoring,TPM,TPM Monitor 8,Babile,Babile FDP 12,,9.352033,42.33222,"9.352033, 42.33222",9,Yes
SUB-00691,2026-01-07,January,Activity 1 Relief,Cash,Food Basket Monitoring,TPM,TPM Monitor 7,Babile,Babile FDP 12,,9.352033,42.33222,"9.352033, 42.33222",40,Yes
SUB-00692,2026-01-19,January,Activity 1 Relief,Cash,Food Basket Monitoring,TPM,TPM Monitor 4,Babile,Babile FDP 12,,9.352033,42.33222,"9.352033, 42.33222",21,Yes
SUB-00693,2026-01-23,January,Activity 1 Relief,Cash,Food Basket Monitoring,TPM,TPM Monitor 6,Babile,Babile FDP 12,,9.352033,42.33222,"9.352033, 42.33222",11,Yes
SUB-00694,2026-01-06,January,Activity 1 Relief,Cash,Food Basket Monitoring,TPM,TPM Monitor 5,Babile,Babile FDP 12,,9.352033,42.33222,"9.352033, 42.33222",39,Yes
SUB-00695,2026-01-24,January,Activity 1 Relief,Cash,Warehouse Monitoring,TPM,TPM Monitor 8,Babile,Babile FDP 12,,9.352033,42.33222,"9.352033, 42.33222",26,Yes
SUB-00696,2026-01-22,January,Activity 1 Relief,Cash,Distribution Observation,TPM,TPM Monitor 1,Babile,Babile FDP 12,,9.352033,42.33222,"9.352033, 42.33222",62,Yes
SUB-00697,2026-01-08,January,Activity 1 Relief,Cash,Beneficiary Contact Monitoring,TPM,TPM Monitor 7,Babile,Babile FDP 13,,9.238029,42.314789,"9.238029, 42.314789",16,Yes
SUB-00698,2026-01-13,January,Activity 1 Relief,Cash,Beneficiary Contact Monitoring,TPM,TPM Monitor 6,Babile,Babile FDP 13,,9.238029,42.314789,"9.238029, 42.314789",56,Yes
SUB-00699,2026-01-17,January,Activity 1 Relief,Cash,Beneficiary Contact Monitoring,TPM,TPM Monitor 6,Babile,Babile FDP 13,,9.238029,42.314789,"9.238029, 42.314789",10,Yes
SUB-00700,2026-01-17,January,Activity 1 Relief,Cash,Beneficiary Contact Monitoring,TPM,TPM Monitor 1,Babile,Babile FDP 13,,9.238029,42.314789,"9.238029, 42.314789",44,Yes
SUB-00701,2026-01-22,January,Activity 1 Relief,Cash,Beneficiary Contact Monitoring,TPM,TPM Monitor 4,Babile,Babile FDP 13,,9.238029,42.314789,"9.238029, 42.314789",31,Yes
SUB-00702,2026-01-22,January,Activity 1 Relief,Cash,Beneficiary Contact Monitoring,TPM,TPM Monitor 5,Babile,Babile FDP 13,,9.238029,42.314789,"9.238029, 42.314789",12,Yes
SUB-00703,2026-01-17,January,Activity 1 Relief,Cash,Food Basket Monitoring,TPM,TPM Monitor 8,Babile,Babile FDP 13,,9.238029,42.314789,"9.238029, 42.314789",56,Yes
SUB-00704,2026-01-22,January,Activity 1 Relief,Cash,Food Basket Monitoring,TPM,TPM Monitor 5,Babile,Babile FDP 13,,9.238029,42.314789,"9.238029, 42.314789",60,Yes
SUB-00705,2026-01-24,January,Activity 1 Relief,Cash,Food Basket Monitoring,TPM,TPM Monitor 2,Babile,Babile FDP 13,,9.238029,42.314789,"9.238029, 42.314789",16,Yes
SUB-00706,2026-01-08,January,Activity 1 Relief,Cash,Food Basket Monitoring,TPM,TPM Monitor 7,Babile,Babile FDP 13,,9.238029,42.314789,"9.238029, 42.314789",31,Yes
SUB-00707,2026-01-15,January,Activity 1 Relief,Cash,Food Basket Monitoring,TPM,TPM Monitor 6,Babile,Babile FDP 13,,9.238029,42.314789,"9.238029, 42.314789",56,Yes
SUB-00708,2026-01-09,January,Activity 1 Relief,Cash,Warehouse Monitoring,TPM,TPM Monitor 4,Babile,Babile FDP 13,,9.238029,42.314789,"9.238029, 42.314789",46,Yes
SUB-00709,2026-01-21,January,Activity 1 Relief,Cash,Distribution Observation,TPM,TPM Monitor 7,Babile,Babile FDP 13,,9.238029,42.314789,"9.238029, 42.314789",40,Yes
SUB-00710,2026-01-06,January,Activity 1 Relief,Cash,Partner Performance Monitoring,TPM,TPM Monitor 1,Babile,Babile FDP 13,,9.238029,42.314789,"9.238029, 42.314789",10,Yes
SUB-00711,2026-01-09,January,Activity 1 Relief,Cash,Beneficiary Contact Monitoring,TPM,TPM Monitor 6,Babile,Babile FDP 14,,9.085686,42.318144,"9.085686, 42.318144",59,Yes
SUB-00712,2026-01-20,January,Activity 1 Relief,Cash,Beneficiary Contact Monitoring,TPM,TPM Monitor 8,Babile,Babile FDP 14,,9.085686,42.318144,"9.085686, 42.318144",17,Yes
SUB-00713,2026-01-24,January,Activity 1 Relief,Cash,Beneficiary Contact Monitoring,TPM,TPM Monitor 3,Babile,Babile FDP 14,,9.085686,42.318144,"9.085686, 42.318144",28,Yes
SUB-00714,2026-01-24,January,Activity 1 Relief,Cash,Beneficiary Contact Monitoring,TPM,TPM Monitor 6,Babile,Babile FDP 14,,9.085686,42.318144,"9.085686, 42.318144",18,Yes
SUB-00715,2026-01-17,January,Activity 1 Relief,Cash,Food Basket Monitoring,TPM,TPM Monitor 5,Babile,Babile FDP 14,,9.085686,42.318144,"9.085686, 42.318144",45,Yes
SUB-00716,2026-01-15,January,Activity 1 Relief,Cash,Food Basket Monitoring,TPM,TPM Monitor 8,Babile,Babile FDP 14,,9.085686,42.318144,"9.085686, 42.318144",53,Yes
SUB-00717,2026-01-23,January,Activity 1 Relief,Cash,Food Basket Monitoring,TPM,TPM Monitor 5,Babile,Babile FDP 14,,9.085686,42.318144,"9.085686, 42.318144",38,Yes
SUB-00718,2026-01-05,January,Activity 1 Relief,Cash,Food Basket Monitoring,TPM,TPM Monitor 6,Babile,Babile FDP 14,,9.085686,42.318144,"9.085686, 42.318144",29,Yes
SUB-00719,2026-01-26,January,Activity 1 Relief,Cash,Food Basket Monitoring,TPM,TPM Monitor 2,Babile,Babile FDP 14,,9.085686,42.318144,"9.085686, 42.318144",34,Yes
SUB-00720,2026-01-23,January,Activity 1 Relief,Cash,Warehouse Monitoring,TPM,TPM Monitor 5,Babile,Babile FDP 14,,9.085686,42.318144,"9.085686, 42.318144",58,Yes
SUB-00721,2026-01-28,January,Activity 1 Relief,Cash,Distribution Observation,TPM,TPM Monitor 1,Babile,Babile FDP 14,,9.085686,42.318144,"9.085686, 42.318144",46,Yes
SUB-00722,2026-01-20,January,Activity 1 Relief,Cash,Partner Performance Monitoring,TPM,TPM Monitor 5,Babile,Babile FDP 14,,9.085686,42.318144,"9.085686, 42.318144",49,Yes
SUB-00723,2026-01-23,January,Activity 1 Relief,Food,Beneficiary Contact Monitoring,TPM,TPM Monitor 4,Gursum,Gursum FDP 01,,9.354216,42.592427,"9.354216, 42.592427",54,Yes
SUB-00724,2026-01-06,January,Activity 1 Relief,Food,Beneficiary Contact Monitoring,TPM,TPM Monitor 8,Gursum,Gursum FDP 01,,9.354216,42.592427,"9.354216, 42.592427",18,Yes
SUB-00725,2026-01-21,January,Activity 1 Relief,Food,Beneficiary Contact Monitoring,TPM,TPM Monitor 7,Gursum,Gursum FDP 01,,9.354216,42.592427,"9.354216, 42.592427",17,Yes
SUB-00726,2026-01-26,January,Activity 1 Relief,Food,Beneficiary Contact Monitoring,TPM,TPM Monitor 4,Gursum,Gursum FDP 01,,9.354216,42.592427,"9.354216, 42.592427",10,Yes
SUB-00727,2026-01-23,January,Activity 1 Relief,Food,Beneficiary Contact Monitoring,TPM,TPM Monitor 2,Gursum,Gursum FDP 01,,9.354216,42.592427,"9.354216, 42.592427",20,Yes
SUB-00728,2026-01-05,January,Activity 1 Relief,Food,Beneficiary Contact Monitoring,TPM,TPM Monitor 8,Gursum,Gursum FDP 01,,9.354216,42.592427,"9.354216, 42.592427",28,Yes
SUB-00729,2026-01-18,January,Activity 1 Relief,Food,Food Basket Monitoring,TPM,TPM Monitor 3,Gursum,Gursum FDP 01,,9.354216,42.592427,"9.354216, 42.592427",34,Yes
SUB-00730,2026-01-27,January,Activity 1 Relief,Food,Food Basket Monitoring,TPM,TPM Monitor 4,Gursum,Gursum FDP 01,,9.354216,42.592427,"9.354216, 42.592427",34,Yes
SUB-00731,2026-01-21,January,Activity 1 Relief,Food,Food Basket Monitoring,TPM,TPM Monitor 8,Gursum,Gursum FDP 01,,9.354216,42.592427,"9.354216, 42.592427",63,Yes
SUB-00732,2026-01-28,January,Activity 1 Relief,Food,Food Basket Monitoring,TPM,TPM Monitor 1,Gursum,Gursum FDP 01,,9.354216,42.592427,"9.354216, 42.592427",53,Yes
SUB-00733,2026-01-09,January,Activity 1 Relief,Food,Food Basket Monitoring,TPM,TPM Monitor 4,Gursum,Gursum FDP 01,,9.354216,42.592427,"9.354216, 42.592427",43,Yes
SUB-00734,2026-01-15,January,Activity 1 Relief,Food,Warehouse Monitoring,TPM,TPM Monitor 8,Gursum,Gursum FDP 01,,9.354216,42.592427,"9.354216, 42.592427",41,Yes
SUB-00735,2026-01-17,January,Activity 1 Relief,Food,Distribution Observation,TPM,TPM Monitor 6,Gursum,Gursum FDP 01,,9.354216,42.592427,"9.354216, 42.592427",19,Yes
SUB-00736,2026-01-19,January,Activity 1 Relief,Food,Partner Performance Monitoring,TPM,TPM Monitor 6,Gursum,Gursum FDP 01,,9.354216,42.592427,"9.354216, 42.592427",42,Yes
SUB-00737,2026-01-16,January,Activity 1 Relief,Food,Beneficiary Contact Monitoring,TPM,TPM Monitor 5,Gursum,Gursum FDP 02,,9.336535,42.441108,"9.336535, 42.441108",47,Yes
SUB-00738,2026-01-20,January,Activity 1 Relief,Food,Beneficiary Contact Monitoring,TPM,TPM Monitor 4,Gursum,Gursum FDP 02,,9.336535,42.441108,"9.336535, 42.441108",23,Yes
SUB-00739,2026-01-13,January,Activity 1 Relief,Food,Beneficiary Contact Monitoring,TPM,TPM Monitor 5,Gursum,Gursum FDP 02,,9.336535,42.441108,"9.336535, 42.441108",22,Yes
SUB-00740,2026-01-14,January,Activity 1 Relief,Food,Beneficiary Contact Monitoring,TPM,TPM Monitor 5,Gursum,Gursum FDP 02,,9.336535,42.441108,"9.336535, 42.441108",53,Yes
SUB-00741,2026-01-11,January,Activity 1 Relief,Food,Beneficiary Contact Monitoring,TPM,TPM Monitor 8,Gursum,Gursum FDP 02,,9.336535,42.441108,"9.336535, 42.441108",28,Yes
SUB-00742,2026-01-20,January,Activity 1 Relief,Food,Food Basket Monitoring,TPM,TPM Monitor 6,Gursum,Gursum FDP 02,,9.336535,42.441108,"9.336535, 42.441108",43,Yes
SUB-00743,2026-01-28,January,Activity 1 Relief,Food,Food Basket Monitoring,TPM,TPM Monitor 5,Gursum,Gursum FDP 02,,9.336535,42.441108,"9.336535, 42.441108",26,Yes
SUB-00744,2026-01-08,January,Activity 1 Relief,Food,Food Basket Monitoring,TPM,TPM Monitor 7,Gursum,Gursum FDP 02,,9.336535,42.441108,"9.336535, 42.441108",65,Yes
SUB-00745,2026-01-17,January,Activity 1 Relief,Food,Food Basket Monitoring,TPM,TPM Monitor 6,Gursum,Gursum FDP 02,,9.336535,42.441108,"9.336535, 42.441108",57,Yes
SUB-00746,2026-01-09,January,Activity 1 Relief,Food,Food Basket Monitoring,TPM,TPM Monitor 5,Gursum,Gursum FDP 02,,9.336535,42.441108,"9.336535, 42.441108",10,Yes
SUB-00747,2026-01-14,January,Activity 1 Relief,Food,Food Basket Monitoring,TPM,TPM Monitor 2,Gursum,Gursum FDP 02,,9.336535,42.441108,"9.336535, 42.441108",30,Yes
SUB-00748,2026-01-19,January,Activity 1 Relief,Food,Warehouse Monitoring,TPM,TPM Monitor 5,Gursum,Gursum FDP 02,,9.336535,42.441108,"9.336535, 42.441108",55,Yes
SUB-00749,2026-01-20,January,Activity 1 Relief,Food,Distribution Observation,TPM,TPM Monitor 4,Gursum,Gursum FDP 02,,9.336535,42.441108,"9.336535, 42.441108",20,Yes
SUB-00750,2026-01-22,January,Activity 1 Relief,Food,Partner Performance Monitoring,TPM,TPM Monitor 5,Gursum,Gursum FDP 02,,9.336535,42.441108,"9.336535, 42.441108",43,Yes
SUB-00751,2026-01-27,January,Activity 1 Relief,Food,Beneficiary Contact Monitoring,TPM,TPM Monitor 5,Gursum,Gursum FDP 03,,9.34757,42.338193,"9.34757, 42.338193",16,Yes
SUB-00752,2026-01-08,January,Activity 1 Relief,Food,Beneficiary Contact Monitoring,TPM,TPM Monitor 4,Gursum,Gursum FDP 03,,9.34757,42.338193,"9.34757, 42.338193",23,Yes
SUB-00753,2026-01-06,January,Activity 1 Relief,Food,Beneficiary Contact Monitoring,TPM,TPM Monitor 4,Gursum,Gursum FDP 03,,9.34757,42.338193,"9.34757, 42.338193",48,Yes
SUB-00754,2026-01-12,January,Activity 1 Relief,Food,Beneficiary Contact Monitoring,TPM,TPM Monitor 1,Gursum,Gursum FDP 03,,9.34757,42.338193,"9.34757, 42.338193",14,Yes
SUB-00755,2026-01-18,January,Activity 1 Relief,Food,Beneficiary Contact Monitoring,TPM,TPM Monitor 6,Gursum,Gursum FDP 03,,9.34757,42.338193,"9.34757, 42.338193",53,Yes
SUB-00756,2026-01-20,January,Activity 1 Relief,Food,Food Basket Monitoring,TPM,TPM Monitor 2,Gursum,Gursum FDP 03,,9.34757,42.338193,"9.34757, 42.338193",51,Yes
SUB-00757,2026-01-09,January,Activity 1 Relief,Food,Food Basket Monitoring,TPM,TPM Monitor 1,Gursum,Gursum FDP 03,,9.34757,42.338193,"9.34757, 42.338193",43,Yes
SUB-00758,2026-01-10,January,Activity 1 Relief,Food,Food Basket Monitoring,TPM,TPM Monitor 7,Gursum,Gursum FDP 03,,9.34757,42.338193,"9.34757, 42.338193",49,Yes
SUB-00759,2026-01-20,January,Activity 1 Relief,Food,Food Basket Monitoring,TPM,TPM Monitor 8,Gursum,Gursum FDP 03,,9.34757,42.338193,"9.34757, 42.338193",49,Yes
SUB-00760,2026-01-11,January,Activity 1 Relief,Food,Food Basket Monitoring,TPM,TPM Monitor 5,Gursum,Gursum FDP 03,,9.34757,42.338193,"9.34757, 42.338193",28,Yes
SUB-00761,2026-01-14,January,Activity 1 Relief,Food,Warehouse Monitoring,TPM,TPM Monitor 1,Gursum,Gursum FDP 03,,9.34757,42.338193,"9.34757, 42.338193",57,Yes
SUB-00762,2026-01-07,January,Activity 1 Relief,Food,Distribution Observation,TPM,TPM Monitor 4,Gursum,Gursum FDP 03,,9.34757,42.338193,"9.34757, 42.338193",42,Yes
SUB-00763,2026-01-28,January,Activity 1 Relief,Food,Partner Performance Monitoring,TPM,TPM Monitor 1,Gursum,Gursum FDP 03,,9.34757,42.338193,"9.34757, 42.338193",19,Yes
SUB-00764,2026-01-18,January,Activity 1 Relief,Food,Beneficiary Contact Monitoring,TPM,TPM Monitor 3,Gursum,Gursum FDP 04,,9.429998,42.472635,"9.429998, 42.472635",10,Yes
SUB-00765,2026-01-17,January,Activity 1 Relief,Food,Beneficiary Contact Monitoring,TPM,TPM Monitor 8,Gursum,Gursum FDP 04,,9.429998,42.472635,"9.429998, 42.472635",19,Yes
SUB-00766,2026-01-28,January,Activity 1 Relief,Food,Beneficiary Contact Monitoring,TPM,TPM Monitor 5,Gursum,Gursum FDP 04,,9.429998,42.472635,"9.429998, 42.472635",64,Yes
SUB-00767,2026-01-06,January,Activity 1 Relief,Food,Beneficiary Contact Monitoring,TPM,TPM Monitor 1,Gursum,Gursum FDP 04,,9.429998,42.472635,"9.429998, 42.472635",27,Yes
SUB-00768,2026-01-23,January,Activity 1 Relief,Food,Beneficiary Contact Monitoring,TPM,TPM Monitor 2,Gursum,Gursum FDP 04,,9.429998,42.472635,"9.429998, 42.472635",29,Yes
SUB-00769,2026-01-14,January,Activity 1 Relief,Food,Food Basket Monitoring,TPM,TPM Monitor 8,Gursum,Gursum FDP 04,,9.429998,42.472635,"9.429998, 42.472635",49,Yes
SUB-00770,2026-01-22,January,Activity 1 Relief,Food,Food Basket Monitoring,TPM,TPM Monitor 8,Gursum,Gursum FDP 04,,9.429998,42.472635,"9.429998, 42.472635",64,Yes
SUB-00771,2026-01-09,January,Activity 1 Relief,Food,Food Basket Monitoring,TPM,TPM Monitor 8,Gursum,Gursum FDP 04,,9.429998,42.472635,"9.429998, 42.472635",25,Yes
SUB-00772,2026-01-11,January,Activity 1 Relief,Food,Food Basket Monitoring,TPM,TPM Monitor 2,Gursum,Gursum FDP 04,,9.429998,42.472635,"9.429998, 42.472635",29,Yes
SUB-00773,2026-01-10,January,Activity 1 Relief,Food,Food Basket Monitoring,TPM,TPM Monitor 8,Gursum,Gursum FDP 04,,9.429998,42.472635,"9.429998, 42.472635",49,Yes
SUB-00774,2026-01-13,January,Activity 1 Relief,Food,Warehouse Monitoring,TPM,TPM Monitor 3,Gursum,Gursum FDP 04,,9.429998,42.472635,"9.429998, 42.472635",8,Yes
SUB-00775,2026-01-28,January,Activity 1 Relief,Food,Distribution Observation,TPM,TPM Monitor 6,Gursum,Gursum FDP 04,,9.429998,42.472635,"9.429998, 42.472635",58,Yes
SUB-00776,2026-01-14,January,Activity 1 Relief,Food,Partner Performance Monitoring,TPM,TPM Monitor 4,Gursum,Gursum FDP 04,,9.429998,42.472635,"9.429998, 42.472635",19,Yes
SUB-00777,2026-01-24,January,Activity 1 Relief,Food,Beneficiary Contact Monitoring,TPM,TPM Monitor 7,Gursum,Gursum FDP 05,,9.405372,42.356343,"9.405372, 42.356343",60,Yes
SUB-00778,2026-01-18,January,Activity 1 Relief,Food,Beneficiary Contact Monitoring,TPM,TPM Monitor 6,Gursum,Gursum FDP 05,,9.405372,42.356343,"9.405372, 42.356343",13,Yes
SUB-00779,2026-01-17,January,Activity 1 Relief,Food,Beneficiary Contact Monitoring,TPM,TPM Monitor 2,Gursum,Gursum FDP 05,,9.405372,42.356343,"9.405372, 42.356343",19,Yes
SUB-00780,2026-01-09,January,Activity 1 Relief,Food,Beneficiary Contact Monitoring,TPM,TPM Monitor 8,Gursum,Gursum FDP 05,,9.405372,42.356343,"9.405372, 42.356343",28,Yes
SUB-00781,2026-01-12,January,Activity 1 Relief,Food,Food Basket Monitoring,TPM,TPM Monitor 1,Gursum,Gursum FDP 05,,9.405372,42.356343,"9.405372, 42.356343",24,Yes
SUB-00782,2026-01-17,January,Activity 1 Relief,Food,Food Basket Monitoring,TPM,TPM Monitor 4,Gursum,Gursum FDP 05,,9.405372,42.356343,"9.405372, 42.356343",36,Yes
SUB-00783,2026-01-13,January,Activity 1 Relief,Food,Food Basket Monitoring,TPM,TPM Monitor 6,Gursum,Gursum FDP 05,,9.405372,42.356343,"9.405372, 42.356343",27,Yes
SUB-00784,2026-01-23,January,Activity 1 Relief,Food,Food Basket Monitoring,TPM,TPM Monitor 1,Gursum,Gursum FDP 05,,9.405372,42.356343,"9.405372, 42.356343",24,Yes
SUB-00785,2026-01-25,January,Activity 1 Relief,Food,Warehouse Monitoring,TPM,TPM Monitor 6,Gursum,Gursum FDP 05,,9.405372,42.356343,"9.405372, 42.356343",52,Yes
SUB-00786,2026-01-12,January,Activity 1 Relief,Food,Distribution Observation,TPM,TPM Monitor 1,Gursum,Gursum FDP 05,,9.405372,42.356343,"9.405372, 42.356343",50,Yes
SUB-00787,2026-01-08,January,Activity 1 Relief,Food,Partner Performance Monitoring,TPM,TPM Monitor 8,Gursum,Gursum FDP 05,,9.405372,42.356343,"9.405372, 42.356343",27,Yes
SUB-00788,2026-01-10,January,Activity 1 Relief,Food,Beneficiary Contact Monitoring,TPM,TPM Monitor 7,Gursum,Gursum FDP 06,,9.448196,42.32187,"9.448196, 42.32187",51,Yes
SUB-00789,2026-01-21,January,Activity 1 Relief,Food,Beneficiary Contact Monitoring,TPM,TPM Monitor 5,Gursum,Gursum FDP 06,,9.448196,42.32187,"9.448196, 42.32187",52,Yes
SUB-00790,2026-01-08,January,Activity 1 Relief,Food,Beneficiary Contact Monitoring,TPM,TPM Monitor 5,Gursum,Gursum FDP 06,,9.448196,42.32187,"9.448196, 42.32187",31,Yes
SUB-00791,2026-01-24,January,Activity 1 Relief,Food,Beneficiary Contact Monitoring,TPM,TPM Monitor 4,Gursum,Gursum FDP 06,,9.448196,42.32187,"9.448196, 42.32187",22,Yes
SUB-00792,2026-01-09,January,Activity 1 Relief,Food,Beneficiary Contact Monitoring,TPM,TPM Monitor 8,Gursum,Gursum FDP 06,,9.448196,42.32187,"9.448196, 42.32187",17,Yes
SUB-00793,2026-01-19,January,Activity 1 Relief,Food,Food Basket Monitoring,TPM,TPM Monitor 6,Gursum,Gursum FDP 06,,9.448196,42.32187,"9.448196, 42.32187",34,Yes
SUB-00794,2026-01-27,January,Activity 1 Relief,Food,Food Basket Monitoring,TPM,TPM Monitor 8,Gursum,Gursum FDP 06,,9.448196,42.32187,"9.448196, 42.32187",56,Yes
SUB-00795,2026-01-22,January,Activity 1 Relief,Food,Food Basket Monitoring,TPM,TPM Monitor 4,Gursum,Gursum FDP 06,,9.448196,42.32187,"9.448196, 42.32187",56,Yes
SUB-00796,2026-01-12,January,Activity 1 Relief,Food,Food Basket Monitoring,TPM,TPM Monitor 2,Gursum,Gursum FDP 06,,9.448196,42.32187,"9.448196, 42.32187",41,Yes
SUB-00797,2026-01-19,January,Activity 1 Relief,Food,Food Basket Monitoring,TPM,TPM Monitor 6,Gursum,Gursum FDP 06,,9.448196,42.32187,"9.448196, 42.32187",12,Yes
SUB-00798,2026-01-23,January,Activity 1 Relief,Food,Food Basket Monitoring,TPM,TPM Monitor 2,Gursum,Gursum FDP 06,,9.448196,42.32187,"9.448196, 42.32187",11,Yes
SUB-00799,2026-01-22,January,Activity 1 Relief,Food,Warehouse Monitoring,TPM,TPM Monitor 4,Gursum,Gursum FDP 06,,9.448196,42.32187,"9.448196, 42.32187",44,Yes
SUB-00800,2026-01-22,January,Activity 1 Relief,Food,Distribution Observation,TPM,TPM Monitor 3,Gursum,Gursum FDP 06,,9.448196,42.32187,"9.448196, 42.32187",18,Yes
SUB-00801,2026-01-15,January,Activity 1 Relief,Food,Partner Performance Monitoring,TPM,TPM Monitor 8,Gursum,Gursum FDP 06,,9.448196,42.32187,"9.448196, 42.32187",15,Yes
SUB-00802,2026-01-26,January,Activity 1 Relief,Food,Beneficiary Contact Monitoring,TPM,TPM Monitor 4,Gursum,Gursum FDP 07,,9.39108,42.573332,"9.39108, 42.573332",53,Yes
SUB-00803,2026-01-23,January,Activity 1 Relief,Food,Beneficiary Contact Monitoring,TPM,TPM Monitor 8,Gursum,Gursum FDP 07,,9.39108,42.573332,"9.39108, 42.573332",13,Yes
SUB-00804,2026-01-21,January,Activity 1 Relief,Food,Beneficiary Contact Monitoring,TPM,TPM Monitor 8,Gursum,Gursum FDP 07,,9.39108,42.573332,"9.39108, 42.573332",59,Yes
SUB-00805,2026-01-06,January,Activity 1 Relief,Food,Beneficiary Contact Monitoring,TPM,TPM Monitor 8,Gursum,Gursum FDP 07,,9.39108,42.573332,"9.39108, 42.573332",16,Yes
SUB-00806,2026-01-21,January,Activity 1 Relief,Food,Food Basket Monitoring,TPM,TPM Monitor 7,Gursum,Gursum FDP 07,,9.39108,42.573332,"9.39108, 42.573332",37,Yes
SUB-00807,2026-01-23,January,Activity 1 Relief,Food,Food Basket Monitoring,TPM,TPM Monitor 1,Gursum,Gursum FDP 07,,9.39108,42.573332,"9.39108, 42.573332",43,Yes
SUB-00808,2026-01-19,January,Activity 1 Relief,Food,Food Basket Monitoring,TPM,TPM Monitor 5,Gursum,Gursum FDP 07,,9.39108,42.573332,"9.39108, 42.573332",54,Yes
SUB-00809,2026-01-05,January,Activity 1 Relief,Food,Food Basket Monitoring,TPM,TPM Monitor 7,Gursum,Gursum FDP 07,,9.39108,42.573332,"9.39108, 42.573332",24,Yes
SUB-00810,2026-01-05,January,Activity 1 Relief,Food,Warehouse Monitoring,TPM,TPM Monitor 4,Gursum,Gursum FDP 07,,9.39108,42.573332,"9.39108, 42.573332",45,Yes
SUB-00811,2026-01-07,January,Activity 1 Relief,Food,Distribution Observation,TPM,TPM Monitor 1,Gursum,Gursum FDP 07,,9.39108,42.573332,"9.39108, 42.573332",35,Yes
SUB-00812,2026-01-16,January,Activity 1 Relief,Food,Partner Performance Monitoring,TPM,TPM Monitor 2,Gursum,Gursum FDP 07,,9.39108,42.573332,"9.39108, 42.573332",42,Yes
SUB-00813,2026-01-06,January,Activity 1 Relief,Food,Beneficiary Contact Monitoring,TPM,TPM Monitor 2,Gursum,Gursum FDP 08,,9.280662,42.380359,"9.280662, 42.380359",38,Yes
SUB-00814,2026-01-06,January,Activity 1 Relief,Food,Beneficiary Contact Monitoring,TPM,TPM Monitor 5,Gursum,Gursum FDP 08,,9.280662,42.380359,"9.280662, 42.380359",34,Yes
SUB-00815,2026-01-10,January,Activity 1 Relief,Food,Beneficiary Contact Monitoring,TPM,TPM Monitor 3,Gursum,Gursum FDP 08,,9.280662,42.380359,"9.280662, 42.380359",57,Yes
SUB-00816,2026-01-25,January,Activity 1 Relief,Food,Beneficiary Contact Monitoring,TPM,TPM Monitor 7,Gursum,Gursum FDP 08,,9.280662,42.380359,"9.280662, 42.380359",31,Yes
SUB-00817,2026-01-17,January,Activity 1 Relief,Food,Food Basket Monitoring,TPM,TPM Monitor 8,Gursum,Gursum FDP 08,,9.280662,42.380359,"9.280662, 42.380359",63,Yes
SUB-00818,2026-01-17,January,Activity 1 Relief,Food,Food Basket Monitoring,TPM,TPM Monitor 7,Gursum,Gursum FDP 08,,9.280662,42.380359,"9.280662, 42.380359",13,Yes
SUB-00819,2026-01-26,January,Activity 1 Relief,Food,Food Basket Monitoring,TPM,TPM Monitor 3,Gursum,Gursum FDP 08,,9.280662,42.380359,"9.280662, 42.380359",49,Yes
SUB-00820,2026-01-16,January,Activity 1 Relief,Food,Food Basket Monitoring,TPM,TPM Monitor 2,Gursum,Gursum FDP 08,,9.280662,42.380359,"9.280662, 42.380359",19,Yes
SUB-00821,2026-01-22,January,Activity 1 Relief,Food,Warehouse Monitoring,TPM,TPM Monitor 7,Gursum,Gursum FDP 08,,9.280662,42.380359,"9.280662, 42.380359",41,Yes
SUB-00822,2026-01-09,January,Activity 1 Relief,Food,Distribution Observation,TPM,TPM Monitor 4,Gursum,Gursum FDP 08,,9.280662,42.380359,"9.280662, 42.380359",61,Yes
SUB-00823,2026-01-05,January,Activity 1 Relief,Food,Partner Performance Monitoring,TPM,TPM Monitor 1,Gursum,Gursum FDP 08,,9.280662,42.380359,"9.280662, 42.380359",27,Yes
SUB-00824,2026-01-19,January,Activity 1 Relief,Food,Beneficiary Contact Monitoring,TPM,TPM Monitor 7,Gursum,Gursum FDP 09,,9.356976,42.384757,"9.356976, 42.384757",42,Yes
SUB-00825,2026-01-17,January,Activity 1 Relief,Food,Beneficiary Contact Monitoring,TPM,TPM Monitor 4,Gursum,Gursum FDP 09,,9.356976,42.384757,"9.356976, 42.384757",23,Yes
SUB-00826,2026-01-19,January,Activity 1 Relief,Food,Beneficiary Contact Monitoring,TPM,TPM Monitor 6,Gursum,Gursum FDP 09,,9.356976,42.384757,"9.356976, 42.384757",17,Yes
SUB-00827,2026-01-13,January,Activity 1 Relief,Food,Beneficiary Contact Monitoring,TPM,TPM Monitor 4,Gursum,Gursum FDP 09,,9.356976,42.384757,"9.356976, 42.384757",64,Yes
SUB-00828,2026-01-28,January,Activity 1 Relief,Food,Beneficiary Contact Monitoring,TPM,TPM Monitor 2,Gursum,Gursum FDP 09,,9.356976,42.384757,"9.356976, 42.384757",10,Yes
SUB-00829,2026-01-26,January,Activity 1 Relief,Food,Food Basket Monitoring,TPM,TPM Monitor 7,Gursum,Gursum FDP 09,,9.356976,42.384757,"9.356976, 42.384757",47,Yes
SUB-00830,2026-01-05,January,Activity 1 Relief,Food,Food Basket Monitoring,TPM,TPM Monitor 4,Gursum,Gursum FDP 09,,9.356976,42.384757,"9.356976, 42.384757",21,Yes
SUB-00831,2026-01-07,January,Activity 1 Relief,Food,Food Basket Monitoring,TPM,TPM Monitor 2,Gursum,Gursum FDP 09,,9.356976,42.384757,"9.356976, 42.384757",46,Yes
SUB-00832,2026-01-06,January,Activity 1 Relief,Food,Food Basket Monitoring,TPM,TPM Monitor 8,Gursum,Gursum FDP 09,,9.356976,42.384757,"9.356976, 42.384757",46,Yes
SUB-00833,2026-01-26,January,Activity 1 Relief,Food,Food Basket Monitoring,TPM,TPM Monitor 1,Gursum,Gursum FDP 09,,9.356976,42.384757,"9.356976, 42.384757",23,Yes
SUB-00834,2026-01-28,January,Activity 1 Relief,Food,Food Basket Monitoring,TPM,TPM Monitor 1,Gursum,Gursum FDP 09,,9.356976,42.384757,"9.356976, 42.384757",33,Yes
SUB-00835,2026-01-19,January,Activity 1 Relief,Food,Warehouse Monitoring,TPM,TPM Monitor 4,Gursum,Gursum FDP 09,,9.356976,42.384757,"9.356976, 42.384757",42,Yes
SUB-00836,2026-01-11,January,Activity 1 Relief,Food,Distribution Observation,TPM,TPM Monitor 1,Gursum,Gursum FDP 09,,9.356976,42.384757,"9.356976, 42.384757",16,Yes
SUB-00837,2026-01-21,January,Activity 1 Relief,Food,Partner Performance Monitoring,TPM,TPM Monitor 5,Gursum,Gursum FDP 09,,9.356976,42.384757,"9.356976, 42.384757",22,Yes
SUB-00838,2026-01-28,January,Activity 1 Relief,Food,Beneficiary Contact Monitoring,TPM,TPM Monitor 6,Gursum,Gursum FDP 10,,9.241454,42.424799,"9.241454, 42.424799",44,Yes
SUB-00839,2026-01-24,January,Activity 1 Relief,Food,Beneficiary Contact Monitoring,TPM,TPM Monitor 6,Gursum,Gursum FDP 10,,9.241454,42.424799,"9.241454, 42.424799",23,Yes
SUB-00840,2026-01-14,January,Activity 1 Relief,Food,Beneficiary Contact Monitoring,TPM,TPM Monitor 3,Gursum,Gursum FDP 10,,9.241454,42.424799,"9.241454, 42.424799",50,Yes
SUB-00841,2026-01-21,January,Activity 1 Relief,Food,Beneficiary Contact Monitoring,TPM,TPM Monitor 4,Gursum,Gursum FDP 10,,9.241454,42.424799,"9.241454, 42.424799",34,Yes
SUB-00842,2026-01-14,January,Activity 1 Relief,Food,Food Basket Monitoring,TPM,TPM Monitor 5,Gursum,Gursum FDP 10,,9.241454,42.424799,"9.241454, 42.424799",11,Yes
SUB-00843,2026-01-22,January,Activity 1 Relief,Food,Food Basket Monitoring,TPM,TPM Monitor 3,Gursum,Gursum FDP 10,,9.241454,42.424799,"9.241454, 42.424799",48,Yes
SUB-00844,2026-01-26,January,Activity 1 Relief,Food,Food Basket Monitoring,TPM,TPM Monitor 7,Gursum,Gursum FDP 10,,9.241454,42.424799,"9.241454, 42.424799",43,Yes
SUB-00845,2026-01-20,January,Activity 1 Relief,Food,Food Basket Monitoring,TPM,TPM Monitor 1,Gursum,Gursum FDP 10,,9.241454,42.424799,"9.241454, 42.424799",30,Yes
SUB-00846,2026-01-25,January,Activity 1 Relief,Food,Food Basket Monitoring,TPM,TPM Monitor 7,Gursum,Gursum FDP 10,,9.241454,42.424799,"9.241454, 42.424799",58,Yes
SUB-00847,2026-01-21,January,Activity 1 Relief,Food,Food Basket Monitoring,TPM,TPM Monitor 6,Gursum,Gursum FDP 10,,9.241454,42.424799,"9.241454, 42.424799",52,Yes
SUB-00848,2026-01-18,January,Activity 1 Relief,Food,Warehouse Monitoring,TPM,TPM Monitor 7,Gursum,Gursum FDP 10,,9.241454,42.424799,"9.241454, 42.424799",17,Yes
SUB-00849,2026-01-14,January,Activity 1 Relief,Food,Distribution Observation,TPM,TPM Monitor 7,Gursum,Gursum FDP 10,,9.241454,42.424799,"9.241454, 42.424799",19,Yes
SUB-00850,2026-01-22,January,Activity 1 Relief,Food,Partner Performance Monitoring,TPM,TPM Monitor 8,Gursum,Gursum FDP 10,,9.241454,42.424799,"9.241454, 42.424799",23,Yes
SUB-00851,2026-01-12,January,Activity 2 Nutrition,TSFP,TSFP Centre-Level Monitoring,TPM,TPM Monitor 5,Duhun,Duhun FDP 01,,7.980604,42.583168,"7.980604, 42.583168",62,Yes
SUB-00852,2026-01-27,January,Activity 2 Nutrition,TSFP,Beneficiary Contact Monitoring,TPM,TPM Monitor 3,Duhun,Duhun FDP 01,,7.980604,42.583168,"7.980604, 42.583168",59,Yes
SUB-00853,2026-01-19,January,Activity 2 Nutrition,TSFP,Beneficiary Contact Monitoring,TPM,TPM Monitor 1,Duhun,Duhun FDP 01,,7.980604,42.583168,"7.980604, 42.583168",43,Yes
SUB-00854,2026-01-18,January,Activity 2 Nutrition,TSFP,TSFP Food Basket / Ration Verification,TPM,TPM Monitor 7,Duhun,Duhun FDP 01,,7.980604,42.583168,"7.980604, 42.583168",43,Yes
SUB-00855,2026-01-21,January,Activity 2 Nutrition,TSFP,Distribution Observation,TPM,TPM Monitor 3,Duhun,Duhun FDP 01,,7.980604,42.583168,"7.980604, 42.583168",32,Yes
SUB-00856,2026-01-12,January,Activity 2 Nutrition,TSFP,Warehouse / Store Monitoring,TPM,TPM Monitor 5,Duhun,Duhun FDP 01,,7.980604,42.583168,"7.980604, 42.583168",21,Yes
SUB-00857,2026-01-15,January,Activity 2 Nutrition,TSFP,Partner Performance Monitoring,TPM,TPM Monitor 2,Duhun,Duhun FDP 01,,7.980604,42.583168,"7.980604, 42.583168",36,Yes
SUB-00858,2026-01-16,January,Activity 2 Nutrition,TSFP,TSFP Centre-Level Monitoring,TPM,TPM Monitor 2,Duhun,Duhun FDP 02,,7.766609,42.595959,"7.766609, 42.595959",42,Yes
SUB-00859,2026-01-28,January,Activity 2 Nutrition,TSFP,Beneficiary Contact Monitoring,TPM,TPM Monitor 4,Duhun,Duhun FDP 02,,7.766609,42.595959,"7.766609, 42.595959",11,Yes
SUB-00860,2026-01-13,January,Activity 2 Nutrition,TSFP,Beneficiary Contact Monitoring,TPM,TPM Monitor 7,Duhun,Duhun FDP 02,,7.766609,42.595959,"7.766609, 42.595959",51,Yes
SUB-00861,2026-01-24,January,Activity 2 Nutrition,TSFP,TSFP Food Basket / Ration Verification,TPM,TPM Monitor 1,Duhun,Duhun FDP 02,,7.766609,42.595959,"7.766609, 42.595959",63,Yes
SUB-00862,2026-01-07,January,Activity 2 Nutrition,TSFP,TSFP Food Basket / Ration Verification,TPM,TPM Monitor 4,Duhun,Duhun FDP 02,,7.766609,42.595959,"7.766609, 42.595959",59,Yes
SUB-00863,2026-01-23,January,Activity 2 Nutrition,TSFP,Distribution Observation,TPM,TPM Monitor 4,Duhun,Duhun FDP 02,,7.766609,42.595959,"7.766609, 42.595959",38,Yes
SUB-00864,2026-01-11,January,Activity 2 Nutrition,TSFP,Warehouse / Store Monitoring,TPM,TPM Monitor 6,Duhun,Duhun FDP 02,,7.766609,42.595959,"7.766609, 42.595959",27,Yes
SUB-00865,2026-01-05,January,Activity 2 Nutrition,TSFP,Partner Performance Monitoring,TPM,TPM Monitor 4,Duhun,Duhun FDP 02,,7.766609,42.595959,"7.766609, 42.595959",20,Yes
SUB-00866,2026-01-28,January,Activity 2 Nutrition,TSFP,TSFP Centre-Level Monitoring,TPM,TPM Monitor 2,Duhun,Duhun FDP 03,,7.781772,42.605096,"7.781772, 42.605096",55,Yes
SUB-00867,2026-01-20,January,Activity 2 Nutrition,TSFP,Beneficiary Contact Monitoring,TPM,TPM Monitor 4,Duhun,Duhun FDP 03,,7.781772,42.605096,"7.781772, 42.605096",52,Yes
SUB-00868,2026-01-24,January,Activity 2 Nutrition,TSFP,Beneficiary Contact Monitoring,TPM,TPM Monitor 4,Duhun,Duhun FDP 03,,7.781772,42.605096,"7.781772, 42.605096",33,Yes
SUB-00869,2026-01-12,January,Activity 2 Nutrition,TSFP,TSFP Food Basket / Ration Verification,TPM,TPM Monitor 6,Duhun,Duhun FDP 03,,7.781772,42.605096,"7.781772, 42.605096",57,Yes
SUB-00870,2026-01-14,January,Activity 2 Nutrition,TSFP,TSFP Food Basket / Ration Verification,TPM,TPM Monitor 7,Duhun,Duhun FDP 03,,7.781772,42.605096,"7.781772, 42.605096",37,Yes
SUB-00871,2026-01-22,January,Activity 2 Nutrition,TSFP,Distribution Observation,TPM,TPM Monitor 6,Duhun,Duhun FDP 03,,7.781772,42.605096,"7.781772, 42.605096",27,Yes
SUB-00872,2026-01-13,January,Activity 2 Nutrition,TSFP,Warehouse / Store Monitoring,TPM,TPM Monitor 6,Duhun,Duhun FDP 03,,7.781772,42.605096,"7.781772, 42.605096",40,Yes
SUB-00873,2026-01-20,January,Activity 2 Nutrition,TSFP,Partner Performance Monitoring,TPM,TPM Monitor 8,Duhun,Duhun FDP 03,,7.781772,42.605096,"7.781772, 42.605096",14,Yes
SUB-00874,2026-01-28,January,Activity 2 Nutrition,TSFP,TSFP Centre-Level Monitoring,TPM,TPM Monitor 8,Duhun,Duhun FDP 04,,7.931102,42.492552,"7.931102, 42.492552",56,Yes
SUB-00875,2026-01-15,January,Activity 2 Nutrition,TSFP,Beneficiary Contact Monitoring,TPM,TPM Monitor 4,Duhun,Duhun FDP 04,,7.931102,42.492552,"7.931102, 42.492552",31,Yes
SUB-00876,2026-01-15,January,Activity 2 Nutrition,TSFP,TSFP Food Basket / Ration Verification,TPM,TPM Monitor 7,Duhun,Duhun FDP 04,,7.931102,42.492552,"7.931102, 42.492552",10,Yes
SUB-00877,2026-01-23,January,Activity 2 Nutrition,TSFP,TSFP Food Basket / Ration Verification,TPM,TPM Monitor 4,Duhun,Duhun FDP 04,,7.931102,42.492552,"7.931102, 42.492552",55,Yes
SUB-00878,2026-01-09,January,Activity 2 Nutrition,TSFP,Distribution Observation,TPM,TPM Monitor 1,Duhun,Duhun FDP 04,,7.931102,42.492552,"7.931102, 42.492552",24,Yes
SUB-00879,2026-01-22,January,Activity 2 Nutrition,TSFP,Warehouse / Store Monitoring,TPM,TPM Monitor 7,Duhun,Duhun FDP 04,,7.931102,42.492552,"7.931102, 42.492552",26,Yes
SUB-00880,2026-01-09,January,Activity 2 Nutrition,TSFP,Partner Performance Monitoring,TPM,TPM Monitor 4,Duhun,Duhun FDP 04,,7.931102,42.492552,"7.931102, 42.492552",29,Yes
SUB-00881,2026-01-12,January,Activity 2 Nutrition,TSFP,TSFP Centre-Level Monitoring,TPM,TPM Monitor 7,Duhun,Duhun FDP 05,,7.917436,42.578895,"7.917436, 42.578895",44,Yes
SUB-00882,2026-01-12,January,Activity 2 Nutrition,TSFP,Beneficiary Contact Monitoring,TPM,TPM Monitor 8,Duhun,Duhun FDP 05,,7.917436,42.578895,"7.917436, 42.578895",43,Yes
SUB-00883,2026-01-25,January,Activity 2 Nutrition,TSFP,Beneficiary Contact Monitoring,TPM,TPM Monitor 6,Duhun,Duhun FDP 05,,7.917436,42.578895,"7.917436, 42.578895",24,Yes
SUB-00884,2026-01-20,January,Activity 2 Nutrition,TSFP,TSFP Food Basket / Ration Verification,TPM,TPM Monitor 8,Duhun,Duhun FDP 05,,7.917436,42.578895,"7.917436, 42.578895",37,Yes
SUB-00885,2026-01-10,January,Activity 2 Nutrition,TSFP,Distribution Observation,TPM,TPM Monitor 6,Duhun,Duhun FDP 05,,7.917436,42.578895,"7.917436, 42.578895",18,Yes
SUB-00886,2026-01-09,January,Activity 2 Nutrition,TSFP,Warehouse / Store Monitoring,TPM,TPM Monitor 8,Duhun,Duhun FDP 05,,7.917436,42.578895,"7.917436, 42.578895",19,Yes
SUB-00887,2026-01-22,January,Activity 2 Nutrition,TSFP,Partner Performance Monitoring,TPM,TPM Monitor 1,Duhun,Duhun FDP 05,,7.917436,42.578895,"7.917436, 42.578895",41,Yes
SUB-00888,2026-01-06,January,Activity 2 Nutrition,TSFP,TSFP Centre-Level Monitoring,TPM,TPM Monitor 2,Duhun,Duhun FDP 06,,7.907544,42.682776,"7.907544, 42.682776",60,Yes
SUB-00889,2026-01-26,January,Activity 2 Nutrition,TSFP,Beneficiary Contact Monitoring,TPM,TPM Monitor 1,Duhun,Duhun FDP 06,,7.907544,42.682776,"7.907544, 42.682776",56,Yes
SUB-00890,2026-01-05,January,Activity 2 Nutrition,TSFP,Beneficiary Contact Monitoring,TPM,TPM Monitor 7,Duhun,Duhun FDP 06,,7.907544,42.682776,"7.907544, 42.682776",16,Yes
SUB-00891,2026-01-25,January,Activity 2 Nutrition,TSFP,TSFP Food Basket / Ration Verification,TPM,TPM Monitor 4,Duhun,Duhun FDP 06,,7.907544,42.682776,"7.907544, 42.682776",12,Yes
SUB-00892,2026-01-27,January,Activity 2 Nutrition,TSFP,Distribution Observation,TPM,TPM Monitor 3,Duhun,Duhun FDP 06,,7.907544,42.682776,"7.907544, 42.682776",8,Yes
SUB-00893,2026-01-11,January,Activity 2 Nutrition,TSFP,Warehouse / Store Monitoring,TPM,TPM Monitor 8,Duhun,Duhun FDP 06,,7.907544,42.682776,"7.907544, 42.682776",31,Yes
SUB-00894,2026-01-06,January,Activity 2 Nutrition,TSFP,Partner Performance Monitoring,TPM,TPM Monitor 8,Duhun,Duhun FDP 06,,7.907544,42.682776,"7.907544, 42.682776",50,Yes
SUB-00895,2026-01-20,January,Activity 2 Nutrition,TSFP,TSFP Centre-Level Monitoring,TPM,TPM Monitor 1,Duhun,Duhun FDP 07,,7.832823,42.497238,"7.832823, 42.497238",8,Yes
SUB-00896,2026-01-22,January,Activity 2 Nutrition,TSFP,Beneficiary Contact Monitoring,TPM,TPM Monitor 7,Duhun,Duhun FDP 07,,7.832823,42.497238,"7.832823, 42.497238",8,Yes
SUB-00897,2026-01-05,January,Activity 2 Nutrition,TSFP,TSFP Food Basket / Ration Verification,TPM,TPM Monitor 5,Duhun,Duhun FDP 07,,7.832823,42.497238,"7.832823, 42.497238",42,Yes
SUB-00898,2026-01-14,January,Activity 2 Nutrition,TSFP,TSFP Food Basket / Ration Verification,TPM,TPM Monitor 1,Duhun,Duhun FDP 07,,7.832823,42.497238,"7.832823, 42.497238",40,Yes
SUB-00899,2026-01-27,January,Activity 2 Nutrition,TSFP,Distribution Observation,TPM,TPM Monitor 7,Duhun,Duhun FDP 07,,7.832823,42.497238,"7.832823, 42.497238",59,Yes
SUB-00900,2026-01-10,January,Activity 2 Nutrition,TSFP,Warehouse / Store Monitoring,TPM,TPM Monitor 2,Duhun,Duhun FDP 07,,7.832823,42.497238,"7.832823, 42.497238",14,Yes
SUB-00901,2026-01-21,January,Activity 2 Nutrition,TSFP,Partner Performance Monitoring,TPM,TPM Monitor 3,Duhun,Duhun FDP 07,,7.832823,42.497238,"7.832823, 42.497238",23,Yes
SUB-00902,2026-01-11,January,Activity 2 Nutrition,TSFP,TSFP Centre-Level Monitoring,TPM,TPM Monitor 5,Duhun,Duhun FDP 08,,7.787734,42.492893,"7.787734, 42.492893",60,Yes
SUB-00903,2026-01-16,January,Activity 2 Nutrition,TSFP,Beneficiary Contact Monitoring,TPM,TPM Monitor 5,Duhun,Duhun FDP 08,,7.787734,42.492893,"7.787734, 42.492893",58,Yes
SUB-00904,2026-01-17,January,Activity 2 Nutrition,TSFP,Beneficiary Contact Monitoring,TPM,TPM Monitor 2,Duhun,Duhun FDP 08,,7.787734,42.492893,"7.787734, 42.492893",31,Yes
SUB-00905,2026-01-17,January,Activity 2 Nutrition,TSFP,TSFP Food Basket / Ration Verification,TPM,TPM Monitor 8,Duhun,Duhun FDP 08,,7.787734,42.492893,"7.787734, 42.492893",44,Yes
SUB-00906,2026-01-12,January,Activity 2 Nutrition,TSFP,TSFP Food Basket / Ration Verification,TPM,TPM Monitor 4,Duhun,Duhun FDP 08,,7.787734,42.492893,"7.787734, 42.492893",27,Yes
SUB-00907,2026-01-26,January,Activity 2 Nutrition,TSFP,Distribution Observation,TPM,TPM Monitor 2,Duhun,Duhun FDP 08,,7.787734,42.492893,"7.787734, 42.492893",49,Yes
SUB-00908,2026-01-25,January,Activity 2 Nutrition,TSFP,Warehouse / Store Monitoring,TPM,TPM Monitor 1,Duhun,Duhun FDP 08,,7.787734,42.492893,"7.787734, 42.492893",13,Yes
SUB-00909,2026-01-17,January,Activity 2 Nutrition,TSFP,Partner Performance Monitoring,TPM,TPM Monitor 7,Duhun,Duhun FDP 08,,7.787734,42.492893,"7.787734, 42.492893",32,Yes
SUB-00910,2026-01-22,January,Activity 2 Nutrition,TSFP,TSFP Centre-Level Monitoring,TPM,TPM Monitor 8,Duhun,Duhun FDP 09,,7.844603,42.573881,"7.844603, 42.573881",11,Yes
SUB-00911,2026-01-25,January,Activity 2 Nutrition,TSFP,Beneficiary Contact Monitoring,TPM,TPM Monitor 1,Duhun,Duhun FDP 09,,7.844603,42.573881,"7.844603, 42.573881",52,Yes
SUB-00912,2026-01-10,January,Activity 2 Nutrition,TSFP,TSFP Food Basket / Ration Verification,TPM,TPM Monitor 2,Duhun,Duhun FDP 09,,7.844603,42.573881,"7.844603, 42.573881",39,Yes
SUB-00913,2026-01-18,January,Activity 2 Nutrition,TSFP,Distribution Observation,TPM,TPM Monitor 6,Duhun,Duhun FDP 09,,7.844603,42.573881,"7.844603, 42.573881",44,Yes
SUB-00914,2026-01-08,January,Activity 2 Nutrition,TSFP,Warehouse / Store Monitoring,TPM,TPM Monitor 1,Duhun,Duhun FDP 09,,7.844603,42.573881,"7.844603, 42.573881",22,Yes
SUB-00915,2026-01-11,January,Activity 2 Nutrition,TSFP,Partner Performance Monitoring,TPM,TPM Monitor 8,Duhun,Duhun FDP 09,,7.844603,42.573881,"7.844603, 42.573881",25,Yes
SUB-00916,2026-01-06,January,Activity 2 Nutrition,TSFP,TSFP Centre-Level Monitoring,TPM,TPM Monitor 2,Duhun,Duhun FDP 10,,7.869368,42.607903,"7.869368, 42.607903",51,Yes
SUB-00917,2026-01-13,January,Activity 2 Nutrition,TSFP,Beneficiary Contact Monitoring,TPM,TPM Monitor 1,Duhun,Duhun FDP 10,,7.869368,42.607903,"7.869368, 42.607903",19,Yes
SUB-00918,2026-01-15,January,Activity 2 Nutrition,TSFP,Beneficiary Contact Monitoring,TPM,TPM Monitor 1,Duhun,Duhun FDP 10,,7.869368,42.607903,"7.869368, 42.607903",21,Yes
SUB-00919,2026-01-23,January,Activity 2 Nutrition,TSFP,TSFP Food Basket / Ration Verification,TPM,TPM Monitor 3,Duhun,Duhun FDP 10,,7.869368,42.607903,"7.869368, 42.607903",56,Yes
SUB-00920,2026-01-27,January,Activity 2 Nutrition,TSFP,TSFP Food Basket / Ration Verification,TPM,TPM Monitor 7,Duhun,Duhun FDP 10,,7.869368,42.607903,"7.869368, 42.607903",12,Yes
SUB-00921,2026-01-14,January,Activity 2 Nutrition,TSFP,Distribution Observation,TPM,TPM Monitor 3,Duhun,Duhun FDP 10,,7.869368,42.607903,"7.869368, 42.607903",44,Yes
SUB-00922,2026-01-12,January,Activity 2 Nutrition,TSFP,Warehouse / Store Monitoring,TPM,TPM Monitor 7,Duhun,Duhun FDP 10,,7.869368,42.607903,"7.869368, 42.607903",51,Yes
SUB-00923,2026-01-22,January,Activity 2 Nutrition,TSFP,Partner Performance Monitoring,TPM,TPM Monitor 6,Duhun,Duhun FDP 10,,7.869368,42.607903,"7.869368, 42.607903",32,Yes
SUB-00924,2026-01-28,January,Activity 2 Nutrition,TSFP,TSFP Centre-Level Monitoring,WFP,WFP Monitor 3,Fik,Fik FDP 01,,8.055639,42.333151,"8.055639, 42.333151",58,Yes
SUB-00925,2026-01-27,January,Activity 2 Nutrition,TSFP,Beneficiary Contact Monitoring,WFP,WFP Monitor 2,Fik,Fik FDP 01,,8.055639,42.333151,"8.055639, 42.333151",40,Yes
SUB-00926,2026-01-28,January,Activity 2 Nutrition,TSFP,Beneficiary Contact Monitoring,WFP,WFP Monitor 6,Fik,Fik FDP 01,,8.055639,42.333151,"8.055639, 42.333151",11,Yes
SUB-00927,2026-01-08,January,Activity 2 Nutrition,TSFP,TSFP Food Basket / Ration Verification,WFP,WFP Monitor 7,Fik,Fik FDP 01,,8.055639,42.333151,"8.055639, 42.333151",22,Yes
SUB-00928,2026-01-07,January,Activity 2 Nutrition,TSFP,TSFP Food Basket / Ration Verification,WFP,WFP Monitor 6,Fik,Fik FDP 01,,8.055639,42.333151,"8.055639, 42.333151",46,Yes
SUB-00929,2026-01-24,January,Activity 2 Nutrition,TSFP,Distribution Observation,WFP,WFP Monitor 7,Fik,Fik FDP 01,,8.055639,42.333151,"8.055639, 42.333151",57,Yes
SUB-00930,2026-01-15,January,Activity 2 Nutrition,TSFP,Warehouse / Store Monitoring,WFP,WFP Monitor 1,Fik,Fik FDP 01,,8.055639,42.333151,"8.055639, 42.333151",48,Yes
SUB-00931,2026-01-13,January,Activity 2 Nutrition,TSFP,Partner Performance Monitoring,WFP,WFP Monitor 8,Fik,Fik FDP 01,,8.055639,42.333151,"8.055639, 42.333151",39,Yes
SUB-00932,2026-01-12,January,Activity 2 Nutrition,TSFP,TSFP Centre-Level Monitoring,WFP,WFP Monitor 6,Fik,Fik FDP 02,,8.06564,42.408495,"8.06564, 42.408495",43,Yes
SUB-00933,2026-01-17,January,Activity 2 Nutrition,TSFP,Beneficiary Contact Monitoring,WFP,WFP Monitor 7,Fik,Fik FDP 02,,8.06564,42.408495,"8.06564, 42.408495",19,Yes
SUB-00934,2026-01-26,January,Activity 2 Nutrition,TSFP,Beneficiary Contact Monitoring,WFP,WFP Monitor 7,Fik,Fik FDP 02,,8.06564,42.408495,"8.06564, 42.408495",13,Yes
SUB-00935,2026-01-24,January,Activity 2 Nutrition,TSFP,TSFP Food Basket / Ration Verification,WFP,WFP Monitor 5,Fik,Fik FDP 02,,8.06564,42.408495,"8.06564, 42.408495",59,Yes
SUB-00936,2026-01-12,January,Activity 2 Nutrition,TSFP,TSFP Food Basket / Ration Verification,WFP,WFP Monitor 2,Fik,Fik FDP 02,,8.06564,42.408495,"8.06564, 42.408495",13,Yes
SUB-00937,2026-01-13,January,Activity 2 Nutrition,TSFP,Distribution Observation,WFP,WFP Monitor 3,Fik,Fik FDP 02,,8.06564,42.408495,"8.06564, 42.408495",32,Yes
SUB-00938,2026-01-27,January,Activity 2 Nutrition,TSFP,Warehouse / Store Monitoring,WFP,WFP Monitor 3,Fik,Fik FDP 02,,8.06564,42.408495,"8.06564, 42.408495",55,Yes
SUB-00939,2026-01-17,January,Activity 2 Nutrition,TSFP,TSFP Centre-Level Monitoring,WFP,WFP Monitor 6,Fik,Fik FDP 03,,8.075172,42.277456,"8.075172, 42.277456",31,Yes
SUB-00940,2026-01-08,January,Activity 2 Nutrition,TSFP,Beneficiary Contact Monitoring,WFP,WFP Monitor 2,Fik,Fik FDP 03,,8.075172,42.277456,"8.075172, 42.277456",8,Yes
SUB-00941,2026-01-14,January,Activity 2 Nutrition,TSFP,TSFP Food Basket / Ration Verification,WFP,WFP Monitor 8,Fik,Fik FDP 03,,8.075172,42.277456,"8.075172, 42.277456",31,Yes
SUB-00942,2026-01-13,January,Activity 2 Nutrition,TSFP,TSFP Food Basket / Ration Verification,WFP,WFP Monitor 2,Fik,Fik FDP 03,,8.075172,42.277456,"8.075172, 42.277456",16,Yes
SUB-00943,2026-01-07,January,Activity 2 Nutrition,TSFP,Distribution Observation,WFP,WFP Monitor 3,Fik,Fik FDP 03,,8.075172,42.277456,"8.075172, 42.277456",35,Yes
SUB-00944,2026-01-19,January,Activity 2 Nutrition,TSFP,Warehouse / Store Monitoring,WFP,WFP Monitor 7,Fik,Fik FDP 03,,8.075172,42.277456,"8.075172, 42.277456",14,Yes
SUB-00945,2026-01-05,January,Activity 2 Nutrition,TSFP,Partner Performance Monitoring,WFP,WFP Monitor 2,Fik,Fik FDP 03,,8.075172,42.277456,"8.075172, 42.277456",30,Yes
SUB-00946,2026-01-22,January,Activity 2 Nutrition,TSFP,TSFP Centre-Level Monitoring,WFP,WFP Monitor 2,Fik,Fik FDP 04,,8.186946,42.213839,"8.186946, 42.213839",46,Yes
SUB-00947,2026-01-24,January,Activity 2 Nutrition,TSFP,Beneficiary Contact Monitoring,WFP,WFP Monitor 6,Fik,Fik FDP 04,,8.186946,42.213839,"8.186946, 42.213839",63,Yes
SUB-00948,2026-01-17,January,Activity 2 Nutrition,TSFP,Beneficiary Contact Monitoring,WFP,WFP Monitor 1,Fik,Fik FDP 04,,8.186946,42.213839,"8.186946, 42.213839",26,Yes
SUB-00949,2026-01-18,January,Activity 2 Nutrition,TSFP,TSFP Food Basket / Ration Verification,WFP,WFP Monitor 7,Fik,Fik FDP 04,,8.186946,42.213839,"8.186946, 42.213839",57,Yes
SUB-00950,2026-01-07,January,Activity 2 Nutrition,TSFP,Distribution Observation,WFP,WFP Monitor 4,Fik,Fik FDP 04,,8.186946,42.213839,"8.186946, 42.213839",44,Yes
SUB-00951,2026-01-21,January,Activity 2 Nutrition,TSFP,Warehouse / Store Monitoring,WFP,WFP Monitor 3,Fik,Fik FDP 04,,8.186946,42.213839,"8.186946, 42.213839",51,Yes
SUB-00952,2026-01-17,January,Activity 2 Nutrition,TSFP,TSFP Centre-Level Monitoring,WFP,WFP Monitor 3,Fik,Fik FDP 05,,8.145922,42.3915,"8.145922, 42.3915",16,Yes
SUB-00953,2026-01-13,January,Activity 2 Nutrition,TSFP,Beneficiary Contact Monitoring,WFP,WFP Monitor 5,Fik,Fik FDP 05,,8.145922,42.3915,"8.145922, 42.3915",25,Yes
SUB-00954,2026-01-20,January,Activity 2 Nutrition,TSFP,TSFP Food Basket / Ration Verification,WFP,WFP Monitor 3,Fik,Fik FDP 05,,8.145922,42.3915,"8.145922, 42.3915",12,Yes
SUB-00955,2026-01-10,January,Activity 2 Nutrition,TSFP,Distribution Observation,WFP,WFP Monitor 7,Fik,Fik FDP 05,,8.145922,42.3915,"8.145922, 42.3915",25,Yes
SUB-00956,2026-01-18,January,Activity 2 Nutrition,TSFP,Warehouse / Store Monitoring,WFP,WFP Monitor 5,Fik,Fik FDP 05,,8.145922,42.3915,"8.145922, 42.3915",38,Yes
SUB-00957,2026-01-07,January,Activity 2 Nutrition,TSFP,Partner Performance Monitoring,WFP,WFP Monitor 6,Fik,Fik FDP 05,,8.145922,42.3915,"8.145922, 42.3915",24,Yes
SUB-00958,2026-01-12,January,Activity 2 Nutrition,TSFP,TSFP Centre-Level Monitoring,WFP,WFP Monitor 8,Fik,Fik FDP 06,,8.017476,42.312924,"8.017476, 42.312924",46,Yes
SUB-00959,2026-01-24,January,Activity 2 Nutrition,TSFP,Beneficiary Contact Monitoring,WFP,WFP Monitor 4,Fik,Fik FDP 06,,8.017476,42.312924,"8.017476, 42.312924",37,Yes
SUB-00960,2026-01-08,January,Activity 2 Nutrition,TSFP,Beneficiary Contact Monitoring,WFP,WFP Monitor 3,Fik,Fik FDP 06,,8.017476,42.312924,"8.017476, 42.312924",27,Yes
SUB-00961,2026-01-05,January,Activity 2 Nutrition,TSFP,TSFP Food Basket / Ration Verification,WFP,WFP Monitor 7,Fik,Fik FDP 06,,8.017476,42.312924,"8.017476, 42.312924",29,Yes
SUB-00962,2026-01-24,January,Activity 2 Nutrition,TSFP,TSFP Food Basket / Ration Verification,WFP,WFP Monitor 7,Fik,Fik FDP 06,,8.017476,42.312924,"8.017476, 42.312924",59,Yes
SUB-00963,2026-01-15,January,Activity 2 Nutrition,TSFP,Distribution Observation,WFP,WFP Monitor 8,Fik,Fik FDP 06,,8.017476,42.312924,"8.017476, 42.312924",29,Yes
SUB-00964,2026-01-18,January,Activity 2 Nutrition,TSFP,Warehouse / Store Monitoring,WFP,WFP Monitor 3,Fik,Fik FDP 06,,8.017476,42.312924,"8.017476, 42.312924",27,Yes
SUB-00965,2026-01-15,January,Activity 2 Nutrition,TSFP,Partner Performance Monitoring,WFP,WFP Monitor 4,Fik,Fik FDP 06,,8.017476,42.312924,"8.017476, 42.312924",38,Yes
SUB-00966,2026-01-15,January,Activity 2 Nutrition,TSFP,TSFP Centre-Level Monitoring,WFP,WFP Monitor 3,Fik,Fik FDP 07,,8.148192,42.354728,"8.148192, 42.354728",33,Yes
SUB-00967,2026-01-15,January,Activity 2 Nutrition,TSFP,Beneficiary Contact Monitoring,WFP,WFP Monitor 5,Fik,Fik FDP 07,,8.148192,42.354728,"8.148192, 42.354728",55,Yes
SUB-00968,2026-01-27,January,Activity 2 Nutrition,TSFP,Beneficiary Contact Monitoring,WFP,WFP Monitor 8,Fik,Fik FDP 07,,8.148192,42.354728,"8.148192, 42.354728",44,Yes
SUB-00969,2026-01-12,January,Activity 2 Nutrition,TSFP,TSFP Food Basket / Ration Verification,WFP,WFP Monitor 6,Fik,Fik FDP 07,,8.148192,42.354728,"8.148192, 42.354728",32,Yes
SUB-00970,2026-01-13,January,Activity 2 Nutrition,TSFP,TSFP Food Basket / Ration Verification,WFP,WFP Monitor 7,Fik,Fik FDP 07,,8.148192,42.354728,"8.148192, 42.354728",31,Yes
SUB-00971,2026-01-08,January,Activity 2 Nutrition,TSFP,Distribution Observation,WFP,WFP Monitor 4,Fik,Fik FDP 07,,8.148192,42.354728,"8.148192, 42.354728",45,Yes
SUB-00972,2026-01-22,January,Activity 2 Nutrition,TSFP,Warehouse / Store Monitoring,WFP,WFP Monitor 3,Fik,Fik FDP 07,,8.148192,42.354728,"8.148192, 42.354728",51,Yes
SUB-00973,2026-01-22,January,Activity 2 Nutrition,TSFP,Partner Performance Monitoring,WFP,WFP Monitor 1,Fik,Fik FDP 07,,8.148192,42.354728,"8.148192, 42.354728",54,Yes
SUB-00974,2026-01-19,January,Activity 2 Nutrition,TSFP,TSFP Centre-Level Monitoring,WFP,WFP Monitor 4,Fik,Fik FDP 08,,8.043413,42.207568,"8.043413, 42.207568",36,Yes
SUB-00975,2026-01-14,January,Activity 2 Nutrition,TSFP,Beneficiary Contact Monitoring,WFP,WFP Monitor 2,Fik,Fik FDP 08,,8.043413,42.207568,"8.043413, 42.207568",60,Yes
SUB-00976,2026-01-18,January,Activity 2 Nutrition,TSFP,TSFP Food Basket / Ration Verification,WFP,WFP Monitor 8,Fik,Fik FDP 08,,8.043413,42.207568,"8.043413, 42.207568",16,Yes
SUB-00977,2026-01-25,January,Activity 2 Nutrition,TSFP,Distribution Observation,WFP,WFP Monitor 5,Fik,Fik FDP 08,,8.043413,42.207568,"8.043413, 42.207568",23,Yes
SUB-00978,2026-01-13,January,Activity 2 Nutrition,TSFP,Warehouse / Store Monitoring,WFP,WFP Monitor 3,Fik,Fik FDP 08,,8.043413,42.207568,"8.043413, 42.207568",53,Yes
SUB-00979,2026-01-18,January,Activity 2 Nutrition,TSFP,Partner Performance Monitoring,WFP,WFP Monitor 7,Fik,Fik FDP 08,,8.043413,42.207568,"8.043413, 42.207568",12,Yes
SUB-00980,2026-01-19,January,Activity 2 Nutrition,TSFP,TSFP Centre-Level Monitoring,WFP,WFP Monitor 8,Fik,Fik FDP 09,,8.166536,42.320789,"8.166536, 42.320789",45,Yes
SUB-00981,2026-01-17,January,Activity 2 Nutrition,TSFP,Beneficiary Contact Monitoring,WFP,WFP Monitor 7,Fik,Fik FDP 09,,8.166536,42.320789,"8.166536, 42.320789",42,Yes
SUB-00982,2026-01-06,January,Activity 2 Nutrition,TSFP,Beneficiary Contact Monitoring,WFP,WFP Monitor 6,Fik,Fik FDP 09,,8.166536,42.320789,"8.166536, 42.320789",52,Yes
SUB-00983,2026-01-22,January,Activity 2 Nutrition,TSFP,TSFP Food Basket / Ration Verification,WFP,WFP Monitor 2,Fik,Fik FDP 09,,8.166536,42.320789,"8.166536, 42.320789",14,Yes
SUB-00984,2026-01-12,January,Activity 2 Nutrition,TSFP,Distribution Observation,WFP,WFP Monitor 6,Fik,Fik FDP 09,,8.166536,42.320789,"8.166536, 42.320789",18,Yes
SUB-00985,2026-01-25,January,Activity 2 Nutrition,TSFP,Warehouse / Store Monitoring,WFP,WFP Monitor 1,Fik,Fik FDP 09,,8.166536,42.320789,"8.166536, 42.320789",44,Yes
SUB-00986,2026-01-25,January,Activity 2 Nutrition,TSFP,Partner Performance Monitoring,WFP,WFP Monitor 7,Fik,Fik FDP 09,,8.166536,42.320789,"8.166536, 42.320789",56,Yes
SUB-00987,2026-01-15,January,Activity 2 Nutrition,TSFP,TSFP Centre-Level Monitoring,WFP,WFP Monitor 7,Fik,Fik FDP 10,,8.147534,42.324251,"8.147534, 42.324251",14,Yes
SUB-00988,2026-01-05,January,Activity 2 Nutrition,TSFP,Beneficiary Contact Monitoring,WFP,WFP Monitor 2,Fik,Fik FDP 10,,8.147534,42.324251,"8.147534, 42.324251",24,Yes
SUB-00989,2026-01-12,January,Activity 2 Nutrition,TSFP,Beneficiary Contact Monitoring,WFP,WFP Monitor 4,Fik,Fik FDP 10,,8.147534,42.324251,"8.147534, 42.324251",36,Yes
SUB-00990,2026-01-16,January,Activity 2 Nutrition,TSFP,TSFP Food Basket / Ration Verification,WFP,WFP Monitor 7,Fik,Fik FDP 10,,8.147534,42.324251,"8.147534, 42.324251",37,Yes
SUB-00991,2026-01-26,January,Activity 2 Nutrition,TSFP,Distribution Observation,WFP,WFP Monitor 3,Fik,Fik FDP 10,,8.147534,42.324251,"8.147534, 42.324251",30,Yes
SUB-00992,2026-01-05,January,Activity 2 Nutrition,TSFP,Warehouse / Store Monitoring,WFP,WFP Monitor 8,Fik,Fik FDP 10,,8.147534,42.324251,"8.147534, 42.324251",14,Yes
SUB-00993,2026-01-14,January,Activity 2 Nutrition,TSFP,Partner Performance Monitoring,WFP,WFP Monitor 7,Fik,Fik FDP 10,,8.147534,42.324251,"8.147534, 42.324251",13,Yes
SUB-00994,2026-01-08,January,Activity 2 Nutrition,TSFP,TSFP Centre-Level Monitoring,WFP,WFP Monitor 3,Fik,Fik FDP 11,,8.082398,42.316258,"8.082398, 42.316258",30,Yes
SUB-00995,2026-01-14,January,Activity 2 Nutrition,TSFP,Beneficiary Contact Monitoring,WFP,WFP Monitor 6,Fik,Fik FDP 11,,8.082398,42.316258,"8.082398, 42.316258",37,Yes
SUB-00996,2026-01-11,January,Activity 2 Nutrition,TSFP,TSFP Food Basket / Ration Verification,WFP,WFP Monitor 8,Fik,Fik FDP 11,,8.082398,42.316258,"8.082398, 42.316258",30,Yes
SUB-00997,2026-01-20,January,Activity 2 Nutrition,TSFP,TSFP Food Basket / Ration Verification,WFP,WFP Monitor 2,Fik,Fik FDP 11,,8.082398,42.316258,"8.082398, 42.316258",36,Yes
SUB-00998,2026-01-28,January,Activity 2 Nutrition,TSFP,Distribution Observation,WFP,WFP Monitor 8,Fik,Fik FDP 11,,8.082398,42.316258,"8.082398, 42.316258",28,Yes
SUB-00999,2026-01-07,January,Activity 2 Nutrition,TSFP,Warehouse / Store Monitoring,WFP,WFP Monitor 5,Fik,Fik FDP 11,,8.082398,42.316258,"8.082398, 42.316258",10,Yes
SUB-01000,2026-01-27,January,Activity 2 Nutrition,TSFP,Partner Performance Monitoring,WFP,WFP Monitor 2,Fik,Fik FDP 11,,8.082398,42.316258,"8.082398, 42.316258",9,Yes
SUB-01001,2026-01-15,January,Activity 2 Nutrition,TSFP,TSFP Centre-Level Monitoring,WFP,WFP Monitor 2,Fik,Fik FDP 12,,8.150515,42.249995,"8.150515, 42.249995",51,Yes
SUB-01002,2026-01-10,January,Activity 2 Nutrition,TSFP,Beneficiary Contact Monitoring,WFP,WFP Monitor 4,Fik,Fik FDP 12,,8.150515,42.249995,"8.150515, 42.249995",41,Yes
SUB-01003,2026-01-10,January,Activity 2 Nutrition,TSFP,Beneficiary Contact Monitoring,WFP,WFP Monitor 3,Fik,Fik FDP 12,,8.150515,42.249995,"8.150515, 42.249995",29,Yes
SUB-01004,2026-01-22,January,Activity 2 Nutrition,TSFP,TSFP Food Basket / Ration Verification,WFP,WFP Monitor 7,Fik,Fik FDP 12,,8.150515,42.249995,"8.150515, 42.249995",37,Yes
SUB-01005,2026-01-12,January,Activity 2 Nutrition,TSFP,Distribution Observation,WFP,WFP Monitor 7,Fik,Fik FDP 12,,8.150515,42.249995,"8.150515, 42.249995",48,Yes
SUB-01006,2026-01-10,January,Activity 2 Nutrition,TSFP,Warehouse / Store Monitoring,WFP,WFP Monitor 3,Fik,Fik FDP 12,,8.150515,42.249995,"8.150515, 42.249995",48,Yes
SUB-01007,2026-01-26,January,Activity 2 Nutrition,TSFP,Partner Performance Monitoring,WFP,WFP Monitor 7,Fik,Fik FDP 12,,8.150515,42.249995,"8.150515, 42.249995",33,Yes
SUB-01008,2026-01-05,January,Activity 2 Nutrition,TSFP,TSFP Centre-Level Monitoring,WFP,WFP Monitor 4,Harorays,Harorays FDP 01,,9.18091,43.151747,"9.18091, 43.151747",36,Yes
SUB-01009,2026-01-23,January,Activity 2 Nutrition,TSFP,Beneficiary Contact Monitoring,WFP,WFP Monitor 7,Harorays,Harorays FDP 01,,9.18091,43.151747,"9.18091, 43.151747",32,Yes
SUB-01010,2026-01-05,January,Activity 2 Nutrition,TSFP,Beneficiary Contact Monitoring,WFP,WFP Monitor 4,Harorays,Harorays FDP 01,,9.18091,43.151747,"9.18091, 43.151747",21,Yes
SUB-01011,2026-01-13,January,Activity 2 Nutrition,TSFP,TSFP Food Basket / Ration Verification,WFP,WFP Monitor 2,Harorays,Harorays FDP 01,,9.18091,43.151747,"9.18091, 43.151747",44,Yes
SUB-01012,2026-01-08,January,Activity 2 Nutrition,TSFP,TSFP Food Basket / Ration Verification,WFP,WFP Monitor 3,Harorays,Harorays FDP 01,,9.18091,43.151747,"9.18091, 43.151747",31,Yes
SUB-01013,2026-01-15,January,Activity 2 Nutrition,TSFP,Distribution Observation,WFP,WFP Monitor 4,Harorays,Harorays FDP 01,,9.18091,43.151747,"9.18091, 43.151747",37,Yes
SUB-01014,2026-01-08,January,Activity 2 Nutrition,TSFP,Warehouse / Store Monitoring,WFP,WFP Monitor 5,Harorays,Harorays FDP 01,,9.18091,43.151747,"9.18091, 43.151747",50,Yes
SUB-01015,2026-01-20,January,Activity 2 Nutrition,TSFP,Partner Performance Monitoring,WFP,WFP Monitor 6,Harorays,Harorays FDP 01,,9.18091,43.151747,"9.18091, 43.151747",46,Yes
SUB-01016,2026-01-17,January,Activity 2 Nutrition,TSFP,TSFP Centre-Level Monitoring,WFP,WFP Monitor 7,Harorays,Harorays FDP 02,,9.161474,43.240412,"9.161474, 43.240412",45,Yes
SUB-01017,2026-01-08,January,Activity 2 Nutrition,TSFP,Beneficiary Contact Monitoring,WFP,WFP Monitor 6,Harorays,Harorays FDP 02,,9.161474,43.240412,"9.161474, 43.240412",30,Yes
SUB-01018,2026-01-19,January,Activity 2 Nutrition,TSFP,Beneficiary Contact Monitoring,WFP,WFP Monitor 3,Harorays,Harorays FDP 02,,9.161474,43.240412,"9.161474, 43.240412",60,Yes
SUB-01019,2026-01-26,January,Activity 2 Nutrition,TSFP,TSFP Food Basket / Ration Verification,WFP,WFP Monitor 5,Harorays,Harorays FDP 02,,9.161474,43.240412,"9.161474, 43.240412",47,Yes
SUB-01020,2026-01-23,January,Activity 2 Nutrition,TSFP,TSFP Food Basket / Ration Verification,WFP,WFP Monitor 2,Harorays,Harorays FDP 02,,9.161474,43.240412,"9.161474, 43.240412",51,Yes
SUB-01021,2026-01-09,January,Activity 2 Nutrition,TSFP,Distribution Observation,WFP,WFP Monitor 6,Harorays,Harorays FDP 02,,9.161474,43.240412,"9.161474, 43.240412",15,Yes
SUB-01022,2026-01-12,January,Activity 2 Nutrition,TSFP,Warehouse / Store Monitoring,WFP,WFP Monitor 5,Harorays,Harorays FDP 02,,9.161474,43.240412,"9.161474, 43.240412",15,Yes
SUB-01023,2026-01-10,January,Activity 2 Nutrition,TSFP,TSFP Centre-Level Monitoring,TPM,TPM Monitor 6,Harorays,Harorays FDP 03,,9.223797,42.989999,"9.223797, 42.989999",52,Yes
SUB-01024,2026-01-09,January,Activity 2 Nutrition,TSFP,Beneficiary Contact Monitoring,TPM,TPM Monitor 7,Harorays,Harorays FDP 03,,9.223797,42.989999,"9.223797, 42.989999",34,Yes
SUB-01025,2026-01-24,January,Activity 2 Nutrition,TSFP,Beneficiary Contact Monitoring,TPM,TPM Monitor 3,Harorays,Harorays FDP 03,,9.223797,42.989999,"9.223797, 42.989999",44,Yes
SUB-01026,2026-01-17,January,Activity 2 Nutrition,TSFP,TSFP Food Basket / Ration Verification,TPM,TPM Monitor 7,Harorays,Harorays FDP 03,,9.223797,42.989999,"9.223797, 42.989999",19,Yes
SUB-01027,2026-01-20,January,Activity 2 Nutrition,TSFP,Distribution Observation,TPM,TPM Monitor 3,Harorays,Harorays FDP 03,,9.223797,42.989999,"9.223797, 42.989999",43,Yes
SUB-01028,2026-01-10,January,Activity 2 Nutrition,TSFP,Warehouse / Store Monitoring,TPM,TPM Monitor 8,Harorays,Harorays FDP 03,,9.223797,42.989999,"9.223797, 42.989999",26,Yes
SUB-01029,2026-01-09,January,Activity 2 Nutrition,TSFP,Partner Performance Monitoring,TPM,TPM Monitor 3,Harorays,Harorays FDP 03,,9.223797,42.989999,"9.223797, 42.989999",28,Yes
SUB-01030,2026-01-19,January,Activity 2 Nutrition,TSFP,TSFP Centre-Level Monitoring,TPM,TPM Monitor 1,Harorays,Harorays FDP 04,,9.105038,43.083773,"9.105038, 43.083773",63,Yes
SUB-01031,2026-01-16,January,Activity 2 Nutrition,TSFP,Beneficiary Contact Monitoring,TPM,TPM Monitor 1,Harorays,Harorays FDP 04,,9.105038,43.083773,"9.105038, 43.083773",39,Yes
SUB-01032,2026-01-09,January,Activity 2 Nutrition,TSFP,Beneficiary Contact Monitoring,TPM,TPM Monitor 4,Harorays,Harorays FDP 04,,9.105038,43.083773,"9.105038, 43.083773",60,Yes
SUB-01033,2026-01-17,January,Activity 2 Nutrition,TSFP,TSFP Food Basket / Ration Verification,TPM,TPM Monitor 8,Harorays,Harorays FDP 04,,9.105038,43.083773,"9.105038, 43.083773",34,Yes
SUB-01034,2026-01-26,January,Activity 2 Nutrition,TSFP,Distribution Observation,TPM,TPM Monitor 8,Harorays,Harorays FDP 04,,9.105038,43.083773,"9.105038, 43.083773",34,Yes
SUB-01035,2026-01-27,January,Activity 2 Nutrition,TSFP,Warehouse / Store Monitoring,TPM,TPM Monitor 8,Harorays,Harorays FDP 04,,9.105038,43.083773,"9.105038, 43.083773",39,Yes
SUB-01036,2026-01-10,January,Activity 2 Nutrition,TSFP,Partner Performance Monitoring,TPM,TPM Monitor 2,Harorays,Harorays FDP 04,,9.105038,43.083773,"9.105038, 43.083773",44,Yes
SUB-01037,2026-01-05,January,Activity 2 Nutrition,TSFP,TSFP Centre-Level Monitoring,TPM,TPM Monitor 4,Harorays,Harorays FDP 05,,9.164358,43.09998,"9.164358, 43.09998",26,Yes
SUB-01038,2026-01-06,January,Activity 2 Nutrition,TSFP,Beneficiary Contact Monitoring,TPM,TPM Monitor 5,Harorays,Harorays FDP 05,,9.164358,43.09998,"9.164358, 43.09998",22,Yes
SUB-01039,2026-01-22,January,Activity 2 Nutrition,TSFP,TSFP Food Basket / Ration Verification,TPM,TPM Monitor 5,Harorays,Harorays FDP 05,,9.164358,43.09998,"9.164358, 43.09998",18,Yes
SUB-01040,2026-01-19,January,Activity 2 Nutrition,TSFP,Distribution Observation,TPM,TPM Monitor 8,Harorays,Harorays FDP 05,,9.164358,43.09998,"9.164358, 43.09998",43,Yes
SUB-01041,2026-01-21,January,Activity 2 Nutrition,TSFP,Warehouse / Store Monitoring,TPM,TPM Monitor 2,Harorays,Harorays FDP 05,,9.164358,43.09998,"9.164358, 43.09998",44,Yes
SUB-01042,2026-01-08,January,Activity 2 Nutrition,TSFP,Partner Performance Monitoring,TPM,TPM Monitor 5,Harorays,Harorays FDP 05,,9.164358,43.09998,"9.164358, 43.09998",57,Yes
SUB-01043,2026-01-22,January,Activity 2 Nutrition,TSFP,TSFP Centre-Level Monitoring,TPM,TPM Monitor 6,Harorays,Harorays FDP 06,,9.213127,43.044902,"9.213127, 43.044902",42,Yes
SUB-01044,2026-01-06,January,Activity 2 Nutrition,TSFP,Beneficiary Contact Monitoring,TPM,TPM Monitor 8,Harorays,Harorays FDP 06,,9.213127,43.044902,"9.213127, 43.044902",42,Yes
SUB-01045,2026-01-11,January,Activity 2 Nutrition,TSFP,Beneficiary Contact Monitoring,TPM,TPM Monitor 7,Harorays,Harorays FDP 06,,9.213127,43.044902,"9.213127, 43.044902",14,Yes
SUB-01046,2026-01-28,January,Activity 2 Nutrition,TSFP,TSFP Food Basket / Ration Verification,TPM,TPM Monitor 4,Harorays,Harorays FDP 06,,9.213127,43.044902,"9.213127, 43.044902",27,Yes
SUB-01047,2026-01-06,January,Activity 2 Nutrition,TSFP,TSFP Food Basket / Ration Verification,TPM,TPM Monitor 8,Harorays,Harorays FDP 06,,9.213127,43.044902,"9.213127, 43.044902",24,Yes
SUB-01048,2026-01-16,January,Activity 2 Nutrition,TSFP,Distribution Observation,TPM,TPM Monitor 2,Harorays,Harorays FDP 06,,9.213127,43.044902,"9.213127, 43.044902",36,Yes
SUB-01049,2026-01-08,January,Activity 2 Nutrition,TSFP,Warehouse / Store Monitoring,TPM,TPM Monitor 4,Harorays,Harorays FDP 06,,9.213127,43.044902,"9.213127, 43.044902",21,Yes
SUB-01050,2026-01-28,January,Activity 2 Nutrition,TSFP,Partner Performance Monitoring,TPM,TPM Monitor 6,Harorays,Harorays FDP 06,,9.213127,43.044902,"9.213127, 43.044902",63,Yes
SUB-01051,2026-01-27,January,Activity 2 Nutrition,TSFP,TSFP Centre-Level Monitoring,WFP,WFP Monitor 7,Harorays,Harorays FDP 07,,9.120724,42.943961,"9.120724, 42.943961",18,Yes
SUB-01052,2026-01-24,January,Activity 2 Nutrition,TSFP,Beneficiary Contact Monitoring,WFP,WFP Monitor 3,Harorays,Harorays FDP 07,,9.120724,42.943961,"9.120724, 42.943961",58,Yes
SUB-01053,2026-01-11,January,Activity 2 Nutrition,TSFP,TSFP Food Basket / Ration Verification,WFP,WFP Monitor 4,Harorays,Harorays FDP 07,,9.120724,42.943961,"9.120724, 42.943961",59,Yes
SUB-01054,2026-01-06,January,Activity 2 Nutrition,TSFP,TSFP Food Basket / Ration Verification,WFP,WFP Monitor 6,Harorays,Harorays FDP 07,,9.120724,42.943961,"9.120724, 42.943961",42,Yes
SUB-01055,2026-01-13,January,Activity 2 Nutrition,TSFP,Distribution Observation,WFP,WFP Monitor 3,Harorays,Harorays FDP 07,,9.120724,42.943961,"9.120724, 42.943961",28,Yes
SUB-01056,2026-01-27,January,Activity 2 Nutrition,TSFP,Warehouse / Store Monitoring,WFP,WFP Monitor 5,Harorays,Harorays FDP 07,,9.120724,42.943961,"9.120724, 42.943961",26,Yes
SUB-01057,2026-01-23,January,Activity 2 Nutrition,TSFP,Partner Performance Monitoring,WFP,WFP Monitor 5,Harorays,Harorays FDP 07,,9.120724,42.943961,"9.120724, 42.943961",62,Yes
SUB-01058,2026-01-21,January,Activity 2 Nutrition,TSFP,TSFP Centre-Level Monitoring,TPM,TPM Monitor 2,Harorays,Harorays FDP 08,,9.148744,43.109948,"9.148744, 43.109948",16,Yes
SUB-01059,2026-01-18,January,Activity 2 Nutrition,TSFP,Beneficiary Contact Monitoring,TPM,TPM Monitor 1,Harorays,Harorays FDP 08,,9.148744,43.109948,"9.148744, 43.109948",25,Yes
SUB-01060,2026-01-25,January,Activity 2 Nutrition,TSFP,Beneficiary Contact Monitoring,TPM,TPM Monitor 3,Harorays,Harorays FDP 08,,9.148744,43.109948,"9.148744, 43.109948",52,Yes
SUB-01061,2026-01-09,January,Activity 2 Nutrition,TSFP,TSFP Food Basket / Ration Verification,TPM,TPM Monitor 4,Harorays,Harorays FDP 08,,9.148744,43.109948,"9.148744, 43.109948",17,Yes
SUB-01062,2026-01-27,January,Activity 2 Nutrition,TSFP,Distribution Observation,TPM,TPM Monitor 6,Harorays,Harorays FDP 08,,9.148744,43.109948,"9.148744, 43.109948",61,Yes
SUB-01063,2026-01-12,January,Activity 2 Nutrition,TSFP,Warehouse / Store Monitoring,TPM,TPM Monitor 7,Harorays,Harorays FDP 08,,9.148744,43.109948,"9.148744, 43.109948",39,Yes
SUB-01064,2026-01-09,January,Activity 2 Nutrition,TSFP,Partner Performance Monitoring,TPM,TPM Monitor 5,Harorays,Harorays FDP 08,,9.148744,43.109948,"9.148744, 43.109948",48,Yes
SUB-01065,2026-01-18,January,Activity 3 Refugee Operations,GFD,Beneficiary Contact Monitoring,WFP,WFP Monitor 7,Aw-Bare Camp,Aw-Bare Camp Site 01,,9.734987,42.932798,"9.734987, 42.932798",36,Yes
SUB-01066,2026-01-07,January,Activity 3 Refugee Operations,GFD,Beneficiary Contact Monitoring,WFP,WFP Monitor 2,Aw-Bare Camp,Aw-Bare Camp Site 01,,9.734987,42.932798,"9.734987, 42.932798",33,Yes
SUB-01067,2026-01-21,January,Activity 3 Refugee Operations,GFD,Beneficiary Contact Monitoring,WFP,WFP Monitor 5,Aw-Bare Camp,Aw-Bare Camp Site 01,,9.734987,42.932798,"9.734987, 42.932798",52,Yes
SUB-01068,2026-01-16,January,Activity 3 Refugee Operations,GFD,Beneficiary Contact Monitoring,WFP,WFP Monitor 8,Aw-Bare Camp,Aw-Bare Camp Site 01,,9.734987,42.932798,"9.734987, 42.932798",39,Yes
SUB-01069,2026-01-15,January,Activity 3 Refugee Operations,GFD,Beneficiary Contact Monitoring,WFP,WFP Monitor 1,Aw-Bare Camp,Aw-Bare Camp Site 01,,9.734987,42.932798,"9.734987, 42.932798",63,Yes
SUB-01070,2026-01-28,January,Activity 3 Refugee Operations,GFD,Food Basket Monitoring,WFP,WFP Monitor 2,Aw-Bare Camp,Aw-Bare Camp Site 01,,9.734987,42.932798,"9.734987, 42.932798",54,Yes
SUB-01071,2026-01-19,January,Activity 3 Refugee Operations,GFD,Food Basket Monitoring,WFP,WFP Monitor 6,Aw-Bare Camp,Aw-Bare Camp Site 01,,9.734987,42.932798,"9.734987, 42.932798",62,Yes
SUB-01072,2026-01-07,January,Activity 3 Refugee Operations,GFD,Food Basket Monitoring,WFP,WFP Monitor 7,Aw-Bare Camp,Aw-Bare Camp Site 01,,9.734987,42.932798,"9.734987, 42.932798",21,Yes
SUB-01073,2026-01-18,January,Activity 3 Refugee Operations,GFD,Food Basket Monitoring,WFP,WFP Monitor 4,Aw-Bare Camp,Aw-Bare Camp Site 01,,9.734987,42.932798,"9.734987, 42.932798",39,Yes
SUB-01074,2026-01-13,January,Activity 3 Refugee Operations,GFD,Food Basket Monitoring,WFP,WFP Monitor 6,Aw-Bare Camp,Aw-Bare Camp Site 01,,9.734987,42.932798,"9.734987, 42.932798",61,Yes
SUB-01075,2026-01-14,January,Activity 3 Refugee Operations,GFD,Food Basket Monitoring,WFP,WFP Monitor 6,Aw-Bare Camp,Aw-Bare Camp Site 01,,9.734987,42.932798,"9.734987, 42.932798",43,Yes
SUB-01076,2026-01-23,January,Activity 3 Refugee Operations,GFD,Warehouse Monitoring,WFP,WFP Monitor 3,Aw-Bare Camp,Aw-Bare Camp Site 01,,9.734987,42.932798,"9.734987, 42.932798",44,Yes
SUB-01077,2026-01-20,January,Activity 3 Refugee Operations,GFD,Distribution Observation,WFP,WFP Monitor 6,Aw-Bare Camp,Aw-Bare Camp Site 01,,9.734987,42.932798,"9.734987, 42.932798",65,Yes
SUB-01078,2026-01-26,January,Activity 3 Refugee Operations,GFD,Partner Performance Monitoring,WFP,WFP Monitor 1,Aw-Bare Camp,Aw-Bare Camp Site 01,,9.734987,42.932798,"9.734987, 42.932798",10,Yes
SUB-01079,2026-01-08,January,Activity 3 Refugee Operations,GFD,Beneficiary Contact Monitoring,WFP,WFP Monitor 8,Aw-Bare Camp,Aw-Bare Camp Site 02,,9.732123,43.046972,"9.732123, 43.046972",9,Yes
SUB-01080,2026-01-08,January,Activity 3 Refugee Operations,GFD,Beneficiary Contact Monitoring,WFP,WFP Monitor 3,Aw-Bare Camp,Aw-Bare Camp Site 02,,9.732123,43.046972,"9.732123, 43.046972",36,Yes
SUB-01081,2026-01-19,January,Activity 3 Refugee Operations,GFD,Beneficiary Contact Monitoring,WFP,WFP Monitor 1,Aw-Bare Camp,Aw-Bare Camp Site 02,,9.732123,43.046972,"9.732123, 43.046972",35,Yes
SUB-01082,2026-01-11,January,Activity 3 Refugee Operations,GFD,Beneficiary Contact Monitoring,WFP,WFP Monitor 3,Aw-Bare Camp,Aw-Bare Camp Site 02,,9.732123,43.046972,"9.732123, 43.046972",64,Yes
SUB-01083,2026-01-25,January,Activity 3 Refugee Operations,GFD,Beneficiary Contact Monitoring,WFP,WFP Monitor 5,Aw-Bare Camp,Aw-Bare Camp Site 02,,9.732123,43.046972,"9.732123, 43.046972",18,Yes
SUB-01084,2026-01-13,January,Activity 3 Refugee Operations,GFD,Food Basket Monitoring,WFP,WFP Monitor 2,Aw-Bare Camp,Aw-Bare Camp Site 02,,9.732123,43.046972,"9.732123, 43.046972",49,Yes
SUB-01085,2026-01-16,January,Activity 3 Refugee Operations,GFD,Food Basket Monitoring,WFP,WFP Monitor 5,Aw-Bare Camp,Aw-Bare Camp Site 02,,9.732123,43.046972,"9.732123, 43.046972",13,Yes
SUB-01086,2026-01-16,January,Activity 3 Refugee Operations,GFD,Food Basket Monitoring,WFP,WFP Monitor 3,Aw-Bare Camp,Aw-Bare Camp Site 02,,9.732123,43.046972,"9.732123, 43.046972",11,Yes
SUB-01087,2026-01-17,January,Activity 3 Refugee Operations,GFD,Food Basket Monitoring,WFP,WFP Monitor 5,Aw-Bare Camp,Aw-Bare Camp Site 02,,9.732123,43.046972,"9.732123, 43.046972",54,Yes
SUB-01088,2026-01-27,January,Activity 3 Refugee Operations,GFD,Warehouse Monitoring,WFP,WFP Monitor 4,Aw-Bare Camp,Aw-Bare Camp Site 02,,9.732123,43.046972,"9.732123, 43.046972",35,Yes
SUB-01089,2026-01-25,January,Activity 3 Refugee Operations,GFD,Distribution Observation,WFP,WFP Monitor 2,Aw-Bare Camp,Aw-Bare Camp Site 02,,9.732123,43.046972,"9.732123, 43.046972",53,Yes
SUB-01090,2026-01-08,January,Activity 3 Refugee Operations,GFD,Partner Performance Monitoring,WFP,WFP Monitor 1,Aw-Bare Camp,Aw-Bare Camp Site 02,,9.732123,43.046972,"9.732123, 43.046972",21,Yes
SUB-01091,2026-01-20,January,Activity 3 Refugee Operations,GFD,Beneficiary Contact Monitoring,WFP,WFP Monitor 2,Aw-Bare Camp,Aw-Bare Camp Site 03,,9.65813,43.030761,"9.65813, 43.030761",16,Yes
SUB-01092,2026-01-23,January,Activity 3 Refugee Operations,GFD,Beneficiary Contact Monitoring,WFP,WFP Monitor 4,Aw-Bare Camp,Aw-Bare Camp Site 03,,9.65813,43.030761,"9.65813, 43.030761",41,Yes
SUB-01093,2026-01-26,January,Activity 3 Refugee Operations,GFD,Beneficiary Contact Monitoring,WFP,WFP Monitor 8,Aw-Bare Camp,Aw-Bare Camp Site 03,,9.65813,43.030761,"9.65813, 43.030761",8,Yes
SUB-01094,2026-01-05,January,Activity 3 Refugee Operations,GFD,Beneficiary Contact Monitoring,WFP,WFP Monitor 6,Aw-Bare Camp,Aw-Bare Camp Site 03,,9.65813,43.030761,"9.65813, 43.030761",60,Yes
SUB-01095,2026-01-08,January,Activity 3 Refugee Operations,GFD,Beneficiary Contact Monitoring,WFP,WFP Monitor 7,Aw-Bare Camp,Aw-Bare Camp Site 03,,9.65813,43.030761,"9.65813, 43.030761",52,Yes
SUB-01096,2026-01-09,January,Activity 3 Refugee Operations,GFD,Food Basket Monitoring,WFP,WFP Monitor 8,Aw-Bare Camp,Aw-Bare Camp Site 03,,9.65813,43.030761,"9.65813, 43.030761",12,Yes
SUB-01097,2026-01-12,January,Activity 3 Refugee Operations,GFD,Food Basket Monitoring,WFP,WFP Monitor 7,Aw-Bare Camp,Aw-Bare Camp Site 03,,9.65813,43.030761,"9.65813, 43.030761",13,Yes
SUB-01098,2026-01-28,January,Activity 3 Refugee Operations,GFD,Food Basket Monitoring,WFP,WFP Monitor 2,Aw-Bare Camp,Aw-Bare Camp Site 03,,9.65813,43.030761,"9.65813, 43.030761",14,Yes
SUB-01099,2026-01-15,January,Activity 3 Refugee Operations,GFD,Food Basket Monitoring,WFP,WFP Monitor 6,Aw-Bare Camp,Aw-Bare Camp Site 03,,9.65813,43.030761,"9.65813, 43.030761",64,Yes
SUB-01100,2026-01-14,January,Activity 3 Refugee Operations,GFD,Warehouse Monitoring,WFP,WFP Monitor 3,Aw-Bare Camp,Aw-Bare Camp Site 03,,9.65813,43.030761,"9.65813, 43.030761",32,Yes
SUB-01101,2026-01-09,January,Activity 3 Refugee Operations,GFD,Distribution Observation,WFP,WFP Monitor 3,Aw-Bare Camp,Aw-Bare Camp Site 03,,9.65813,43.030761,"9.65813, 43.030761",12,Yes
SUB-01102,2026-01-21,January,Activity 3 Refugee Operations,GFD,Beneficiary Contact Monitoring,WFP,WFP Monitor 1,Aw-Bare Camp,Aw-Bare Camp Site 04,,9.724075,42.939992,"9.724075, 42.939992",47,Yes
SUB-01103,2026-01-25,January,Activity 3 Refugee Operations,GFD,Beneficiary Contact Monitoring,WFP,WFP Monitor 3,Aw-Bare Camp,Aw-Bare Camp Site 04,,9.724075,42.939992,"9.724075, 42.939992",36,Yes
SUB-01104,2026-01-16,January,Activity 3 Refugee Operations,GFD,Beneficiary Contact Monitoring,WFP,WFP Monitor 4,Aw-Bare Camp,Aw-Bare Camp Site 04,,9.724075,42.939992,"9.724075, 42.939992",48,Yes
SUB-01105,2026-01-28,January,Activity 3 Refugee Operations,GFD,Beneficiary Contact Monitoring,WFP,WFP Monitor 3,Aw-Bare Camp,Aw-Bare Camp Site 04,,9.724075,42.939992,"9.724075, 42.939992",34,Yes
SUB-01106,2026-01-24,January,Activity 3 Refugee Operations,GFD,Beneficiary Contact Monitoring,WFP,WFP Monitor 8,Aw-Bare Camp,Aw-Bare Camp Site 04,,9.724075,42.939992,"9.724075, 42.939992",63,Yes
SUB-01107,2026-01-11,January,Activity 3 Refugee Operations,GFD,Beneficiary Contact Monitoring,WFP,WFP Monitor 2,Aw-Bare Camp,Aw-Bare Camp Site 04,,9.724075,42.939992,"9.724075, 42.939992",65,Yes
SUB-01108,2026-01-08,January,Activity 3 Refugee Operations,GFD,Food Basket Monitoring,WFP,WFP Monitor 3,Aw-Bare Camp,Aw-Bare Camp Site 04,,9.724075,42.939992,"9.724075, 42.939992",56,Yes
SUB-01109,2026-01-08,January,Activity 3 Refugee Operations,GFD,Food Basket Monitoring,WFP,WFP Monitor 7,Aw-Bare Camp,Aw-Bare Camp Site 04,,9.724075,42.939992,"9.724075, 42.939992",30,Yes
SUB-01110,2026-01-18,January,Activity 3 Refugee Operations,GFD,Food Basket Monitoring,WFP,WFP Monitor 6,Aw-Bare Camp,Aw-Bare Camp Site 04,,9.724075,42.939992,"9.724075, 42.939992",58,Yes
SUB-01111,2026-01-09,January,Activity 3 Refugee Operations,GFD,Food Basket Monitoring,WFP,WFP Monitor 4,Aw-Bare Camp,Aw-Bare Camp Site 04,,9.724075,42.939992,"9.724075, 42.939992",25,Yes
SUB-01112,2026-01-25,January,Activity 3 Refugee Operations,GFD,Food Basket Monitoring,WFP,WFP Monitor 2,Aw-Bare Camp,Aw-Bare Camp Site 04,,9.724075,42.939992,"9.724075, 42.939992",23,Yes
SUB-01113,2026-01-22,January,Activity 3 Refugee Operations,GFD,Food Basket Monitoring,WFP,WFP Monitor 5,Aw-Bare Camp,Aw-Bare Camp Site 04,,9.724075,42.939992,"9.724075, 42.939992",57,Yes
SUB-01114,2026-01-27,January,Activity 3 Refugee Operations,GFD,Warehouse Monitoring,WFP,WFP Monitor 1,Aw-Bare Camp,Aw-Bare Camp Site 04,,9.724075,42.939992,"9.724075, 42.939992",62,Yes
SUB-01115,2026-01-26,January,Activity 3 Refugee Operations,GFD,Distribution Observation,WFP,WFP Monitor 5,Aw-Bare Camp,Aw-Bare Camp Site 04,,9.724075,42.939992,"9.724075, 42.939992",21,Yes
SUB-01116,2026-01-21,January,Activity 3 Refugee Operations,GFD,Partner Performance Monitoring,WFP,WFP Monitor 4,Aw-Bare Camp,Aw-Bare Camp Site 04,,9.724075,42.939992,"9.724075, 42.939992",55,Yes
SUB-01117,2026-01-17,January,Activity 3 Refugee Operations,GFD,Beneficiary Contact Monitoring,WFP,WFP Monitor 5,Aw-Bare Camp,Aw-Bare Camp Site 05,,9.745045,43.059255,"9.745045, 43.059255",49,Yes
SUB-01118,2026-01-06,January,Activity 3 Refugee Operations,GFD,Beneficiary Contact Monitoring,WFP,WFP Monitor 4,Aw-Bare Camp,Aw-Bare Camp Site 05,,9.745045,43.059255,"9.745045, 43.059255",39,Yes
SUB-01119,2026-01-17,January,Activity 3 Refugee Operations,GFD,Beneficiary Contact Monitoring,WFP,WFP Monitor 2,Aw-Bare Camp,Aw-Bare Camp Site 05,,9.745045,43.059255,"9.745045, 43.059255",23,Yes
SUB-01120,2026-01-20,January,Activity 3 Refugee Operations,GFD,Food Basket Monitoring,WFP,WFP Monitor 2,Aw-Bare Camp,Aw-Bare Camp Site 05,,9.745045,43.059255,"9.745045, 43.059255",41,Yes
SUB-01121,2026-01-05,January,Activity 3 Refugee Operations,GFD,Food Basket Monitoring,WFP,WFP Monitor 6,Aw-Bare Camp,Aw-Bare Camp Site 05,,9.745045,43.059255,"9.745045, 43.059255",28,Yes
SUB-01122,2026-01-09,January,Activity 3 Refugee Operations,GFD,Food Basket Monitoring,WFP,WFP Monitor 7,Aw-Bare Camp,Aw-Bare Camp Site 05,,9.745045,43.059255,"9.745045, 43.059255",63,Yes
SUB-01123,2026-01-23,January,Activity 3 Refugee Operations,GFD,Food Basket Monitoring,WFP,WFP Monitor 7,Aw-Bare Camp,Aw-Bare Camp Site 05,,9.745045,43.059255,"9.745045, 43.059255",31,Yes
SUB-01124,2026-01-22,January,Activity 3 Refugee Operations,GFD,Warehouse Monitoring,WFP,WFP Monitor 3,Aw-Bare Camp,Aw-Bare Camp Site 05,,9.745045,43.059255,"9.745045, 43.059255",56,Yes
SUB-01125,2026-01-20,January,Activity 3 Refugee Operations,GFD,Distribution Observation,WFP,WFP Monitor 2,Aw-Bare Camp,Aw-Bare Camp Site 05,,9.745045,43.059255,"9.745045, 43.059255",9,Yes
SUB-01126,2026-01-23,January,Activity 3 Refugee Operations,GFD,Partner Performance Monitoring,WFP,WFP Monitor 2,Aw-Bare Camp,Aw-Bare Camp Site 05,,9.745045,43.059255,"9.745045, 43.059255",8,Yes
SUB-01127,2026-01-13,January,Activity 3 Refugee Operations,GFD,Beneficiary Contact Monitoring,TPM,TPM Monitor 4,Kebribeyah Camp,Kebribeyah Camp Site 01,,9.175814,43.263766,"9.175814, 43.263766",10,Yes
SUB-01128,2026-01-06,January,Activity 3 Refugee Operations,GFD,Beneficiary Contact Monitoring,TPM,TPM Monitor 7,Kebribeyah Camp,Kebribeyah Camp Site 01,,9.175814,43.263766,"9.175814, 43.263766",40,Yes
SUB-01129,2026-01-14,January,Activity 3 Refugee Operations,GFD,Beneficiary Contact Monitoring,TPM,TPM Monitor 7,Kebribeyah Camp,Kebribeyah Camp Site 01,,9.175814,43.263766,"9.175814, 43.263766",35,Yes
SUB-01130,2026-01-27,January,Activity 3 Refugee Operations,GFD,Beneficiary Contact Monitoring,TPM,TPM Monitor 7,Kebribeyah Camp,Kebribeyah Camp Site 01,,9.175814,43.263766,"9.175814, 43.263766",13,Yes
SUB-01131,2026-01-25,January,Activity 3 Refugee Operations,GFD,Beneficiary Contact Monitoring,TPM,TPM Monitor 3,Kebribeyah Camp,Kebribeyah Camp Site 01,,9.175814,43.263766,"9.175814, 43.263766",25,Yes
SUB-01132,2026-01-07,January,Activity 3 Refugee Operations,GFD,Food Basket Monitoring,TPM,TPM Monitor 5,Kebribeyah Camp,Kebribeyah Camp Site 01,,9.175814,43.263766,"9.175814, 43.263766",13,Yes
SUB-01133,2026-01-21,January,Activity 3 Refugee Operations,GFD,Food Basket Monitoring,TPM,TPM Monitor 4,Kebribeyah Camp,Kebribeyah Camp Site 01,,9.175814,43.263766,"9.175814, 43.263766",59,Yes
SUB-01134,2026-01-09,January,Activity 3 Refugee Operations,GFD,Food Basket Monitoring,TPM,TPM Monitor 6,Kebribeyah Camp,Kebribeyah Camp Site 01,,9.175814,43.263766,"9.175814, 43.263766",33,Yes
SUB-01135,2026-01-23,January,Activity 3 Refugee Operations,GFD,Food Basket Monitoring,TPM,TPM Monitor 2,Kebribeyah Camp,Kebribeyah Camp Site 01,,9.175814,43.263766,"9.175814, 43.263766",27,Yes
SUB-01136,2026-01-27,January,Activity 3 Refugee Operations,GFD,Food Basket Monitoring,TPM,TPM Monitor 7,Kebribeyah Camp,Kebribeyah Camp Site 01,,9.175814,43.263766,"9.175814, 43.263766",54,Yes
SUB-01137,2026-01-12,January,Activity 3 Refugee Operations,GFD,Warehouse Monitoring,TPM,TPM Monitor 1,Kebribeyah Camp,Kebribeyah Camp Site 01,,9.175814,43.263766,"9.175814, 43.263766",23,Yes
SUB-01138,2026-01-07,January,Activity 3 Refugee Operations,GFD,Distribution Observation,TPM,TPM Monitor 7,Kebribeyah Camp,Kebribeyah Camp Site 01,,9.175814,43.263766,"9.175814, 43.263766",15,Yes
SUB-01139,2026-01-19,January,Activity 3 Refugee Operations,GFD,Partner Performance Monitoring,TPM,TPM Monitor 1,Kebribeyah Camp,Kebribeyah Camp Site 01,,9.175814,43.263766,"9.175814, 43.263766",27,Yes
SUB-01140,2026-01-26,January,Activity 3 Refugee Operations,GFD,Beneficiary Contact Monitoring,TPM,TPM Monitor 3,Kebribeyah Camp,Kebribeyah Camp Site 02,,9.003563,43.124352,"9.003563, 43.124352",15,Yes
SUB-01141,2026-01-05,January,Activity 3 Refugee Operations,GFD,Beneficiary Contact Monitoring,TPM,TPM Monitor 3,Kebribeyah Camp,Kebribeyah Camp Site 02,,9.003563,43.124352,"9.003563, 43.124352",52,Yes
SUB-01142,2026-01-05,January,Activity 3 Refugee Operations,GFD,Beneficiary Contact Monitoring,TPM,TPM Monitor 3,Kebribeyah Camp,Kebribeyah Camp Site 02,,9.003563,43.124352,"9.003563, 43.124352",39,Yes
SUB-01143,2026-01-16,January,Activity 3 Refugee Operations,GFD,Beneficiary Contact Monitoring,TPM,TPM Monitor 5,Kebribeyah Camp,Kebribeyah Camp Site 02,,9.003563,43.124352,"9.003563, 43.124352",18,Yes
SUB-01144,2026-01-16,January,Activity 3 Refugee Operations,GFD,Beneficiary Contact Monitoring,TPM,TPM Monitor 3,Kebribeyah Camp,Kebribeyah Camp Site 02,,9.003563,43.124352,"9.003563, 43.124352",55,Yes
SUB-01145,2026-01-13,January,Activity 3 Refugee Operations,GFD,Beneficiary Contact Monitoring,TPM,TPM Monitor 2,Kebribeyah Camp,Kebribeyah Camp Site 02,,9.003563,43.124352,"9.003563, 43.124352",57,Yes
SUB-01146,2026-01-05,January,Activity 3 Refugee Operations,GFD,Food Basket Monitoring,TPM,TPM Monitor 6,Kebribeyah Camp,Kebribeyah Camp Site 02,,9.003563,43.124352,"9.003563, 43.124352",59,Yes
SUB-01147,2026-01-18,January,Activity 3 Refugee Operations,GFD,Food Basket Monitoring,TPM,TPM Monitor 5,Kebribeyah Camp,Kebribeyah Camp Site 02,,9.003563,43.124352,"9.003563, 43.124352",41,Yes
SUB-01148,2026-01-07,January,Activity 3 Refugee Operations,GFD,Food Basket Monitoring,TPM,TPM Monitor 5,Kebribeyah Camp,Kebribeyah Camp Site 02,,9.003563,43.124352,"9.003563, 43.124352",53,Yes
SUB-01149,2026-01-23,January,Activity 3 Refugee Operations,GFD,Food Basket Monitoring,TPM,TPM Monitor 2,Kebribeyah Camp,Kebribeyah Camp Site 02,,9.003563,43.124352,"9.003563, 43.124352",39,Yes
SUB-01150,2026-01-19,January,Activity 3 Refugee Operations,GFD,Food Basket Monitoring,TPM,TPM Monitor 6,Kebribeyah Camp,Kebribeyah Camp Site 02,,9.003563,43.124352,"9.003563, 43.124352",11,Yes
SUB-01151,2026-01-20,January,Activity 3 Refugee Operations,GFD,Warehouse Monitoring,TPM,TPM Monitor 3,Kebribeyah Camp,Kebribeyah Camp Site 02,,9.003563,43.124352,"9.003563, 43.124352",31,Yes
SUB-01152,2026-01-10,January,Activity 3 Refugee Operations,GFD,Distribution Observation,TPM,TPM Monitor 5,Kebribeyah Camp,Kebribeyah Camp Site 02,,9.003563,43.124352,"9.003563, 43.124352",57,Yes
SUB-01153,2026-01-08,January,Activity 3 Refugee Operations,GFD,Partner Performance Monitoring,TPM,TPM Monitor 2,Kebribeyah Camp,Kebribeyah Camp Site 02,,9.003563,43.124352,"9.003563, 43.124352",22,Yes
SUB-01154,2026-01-28,January,Activity 3 Refugee Operations,GFD,Beneficiary Contact Monitoring,TPM,TPM Monitor 1,Kebribeyah Camp,Kebribeyah Camp Site 03,,9.136052,43.225965,"9.136052, 43.225965",10,Yes
SUB-01155,2026-01-05,January,Activity 3 Refugee Operations,GFD,Beneficiary Contact Monitoring,TPM,TPM Monitor 4,Kebribeyah Camp,Kebribeyah Camp Site 03,,9.136052,43.225965,"9.136052, 43.225965",10,Yes
SUB-01156,2026-01-20,January,Activity 3 Refugee Operations,GFD,Beneficiary Contact Monitoring,TPM,TPM Monitor 6,Kebribeyah Camp,Kebribeyah Camp Site 03,,9.136052,43.225965,"9.136052, 43.225965",32,Yes
SUB-01157,2026-01-09,January,Activity 3 Refugee Operations,GFD,Beneficiary Contact Monitoring,TPM,TPM Monitor 3,Kebribeyah Camp,Kebribeyah Camp Site 03,,9.136052,43.225965,"9.136052, 43.225965",62,Yes
SUB-01158,2026-01-06,January,Activity 3 Refugee Operations,GFD,Food Basket Monitoring,TPM,TPM Monitor 7,Kebribeyah Camp,Kebribeyah Camp Site 03,,9.136052,43.225965,"9.136052, 43.225965",22,Yes
SUB-01159,2026-01-15,January,Activity 3 Refugee Operations,GFD,Food Basket Monitoring,TPM,TPM Monitor 4,Kebribeyah Camp,Kebribeyah Camp Site 03,,9.136052,43.225965,"9.136052, 43.225965",34,Yes
SUB-01160,2026-01-28,January,Activity 3 Refugee Operations,GFD,Food Basket Monitoring,TPM,TPM Monitor 6,Kebribeyah Camp,Kebribeyah Camp Site 03,,9.136052,43.225965,"9.136052, 43.225965",25,Yes
SUB-01161,2026-01-07,January,Activity 3 Refugee Operations,GFD,Food Basket Monitoring,TPM,TPM Monitor 6,Kebribeyah Camp,Kebribeyah Camp Site 03,,9.136052,43.225965,"9.136052, 43.225965",15,Yes
SUB-01162,2026-01-21,January,Activity 3 Refugee Operations,GFD,Food Basket Monitoring,TPM,TPM Monitor 1,Kebribeyah Camp,Kebribeyah Camp Site 03,,9.136052,43.225965,"9.136052, 43.225965",19,Yes
SUB-01163,2026-01-12,January,Activity 3 Refugee Operations,GFD,Warehouse Monitoring,TPM,TPM Monitor 1,Kebribeyah Camp,Kebribeyah Camp Site 03,,9.136052,43.225965,"9.136052, 43.225965",33,Yes
SUB-01164,2026-01-07,January,Activity 3 Refugee Operations,GFD,Distribution Observation,TPM,TPM Monitor 8,Kebribeyah Camp,Kebribeyah Camp Site 03,,9.136052,43.225965,"9.136052, 43.225965",63,Yes
SUB-01165,2026-01-14,January,Activity 3 Refugee Operations,GFD,Partner Performance Monitoring,TPM,TPM Monitor 5,Kebribeyah Camp,Kebribeyah Camp Site 03,,9.136052,43.225965,"9.136052, 43.225965",28,Yes
SUB-01166,2026-01-07,January,Activity 3 Refugee Operations,GFD,Beneficiary Contact Monitoring,TPM,TPM Monitor 8,Kebribeyah Camp,Kebribeyah Camp Site 04,,9.136053,43.459691,"9.136053, 43.459691",8,Yes
SUB-01167,2026-01-16,January,Activity 3 Refugee Operations,GFD,Beneficiary Contact Monitoring,TPM,TPM Monitor 4,Kebribeyah Camp,Kebribeyah Camp Site 04,,9.136053,43.459691,"9.136053, 43.459691",26,Yes
SUB-01168,2026-01-23,January,Activity 3 Refugee Operations,GFD,Beneficiary Contact Monitoring,TPM,TPM Monitor 5,Kebribeyah Camp,Kebribeyah Camp Site 04,,9.136053,43.459691,"9.136053, 43.459691",55,Yes
SUB-01169,2026-01-24,January,Activity 3 Refugee Operations,GFD,Beneficiary Contact Monitoring,TPM,TPM Monitor 4,Kebribeyah Camp,Kebribeyah Camp Site 04,,9.136053,43.459691,"9.136053, 43.459691",37,Yes
SUB-01170,2026-01-16,January,Activity 3 Refugee Operations,GFD,Beneficiary Contact Monitoring,TPM,TPM Monitor 8,Kebribeyah Camp,Kebribeyah Camp Site 04,,9.136053,43.459691,"9.136053, 43.459691",57,Yes
SUB-01171,2026-01-11,January,Activity 3 Refugee Operations,GFD,Food Basket Monitoring,TPM,TPM Monitor 4,Kebribeyah Camp,Kebribeyah Camp Site 04,,9.136053,43.459691,"9.136053, 43.459691",17,Yes
SUB-01172,2026-01-05,January,Activity 3 Refugee Operations,GFD,Food Basket Monitoring,TPM,TPM Monitor 7,Kebribeyah Camp,Kebribeyah Camp Site 04,,9.136053,43.459691,"9.136053, 43.459691",9,Yes
SUB-01173,2026-01-12,January,Activity 3 Refugee Operations,GFD,Food Basket Monitoring,TPM,TPM Monitor 6,Kebribeyah Camp,Kebribeyah Camp Site 04,,9.136053,43.459691,"9.136053, 43.459691",48,Yes
SUB-01174,2026-01-27,January,Activity 3 Refugee Operations,GFD,Food Basket Monitoring,TPM,TPM Monitor 1,Kebribeyah Camp,Kebribeyah Camp Site 04,,9.136053,43.459691,"9.136053, 43.459691",29,Yes
SUB-01175,2026-01-05,January,Activity 3 Refugee Operations,GFD,Food Basket Monitoring,TPM,TPM Monitor 7,Kebribeyah Camp,Kebribeyah Camp Site 04,,9.136053,43.459691,"9.136053, 43.459691",62,Yes
SUB-01176,2026-01-28,January,Activity 3 Refugee Operations,GFD,Warehouse Monitoring,TPM,TPM Monitor 5,Kebribeyah Camp,Kebribeyah Camp Site 04,,9.136053,43.459691,"9.136053, 43.459691",14,Yes
SUB-01177,2026-01-11,January,Activity 3 Refugee Operations,GFD,Distribution Observation,TPM,TPM Monitor 4,Kebribeyah Camp,Kebribeyah Camp Site 04,,9.136053,43.459691,"9.136053, 43.459691",34,Yes
SUB-01178,2026-01-20,January,Activity 3 Refugee Operations,GFD,Partner Performance Monitoring,TPM,TPM Monitor 1,Kebribeyah Camp,Kebribeyah Camp Site 04,,9.136053,43.459691,"9.136053, 43.459691",17,Yes
SUB-01179,2026-01-27,January,Activity 3 Refugee Operations,GFD,Beneficiary Contact Monitoring,TPM,TPM Monitor 5,Kebribeyah Camp,Kebribeyah Camp Site 05,,9.139962,43.26949,"9.139962, 43.26949",13,Yes
SUB-01180,2026-01-06,January,Activity 3 Refugee Operations,GFD,Beneficiary Contact Monitoring,TPM,TPM Monitor 4,Kebribeyah Camp,Kebribeyah Camp Site 05,,9.139962,43.26949,"9.139962, 43.26949",65,Yes
SUB-01181,2026-01-21,January,Activity 3 Refugee Operations,GFD,Beneficiary Contact Monitoring,TPM,TPM Monitor 7,Kebribeyah Camp,Kebribeyah Camp Site 05,,9.139962,43.26949,"9.139962, 43.26949",52,Yes
SUB-01182,2026-01-16,January,Activity 3 Refugee Operations,GFD,Beneficiary Contact Monitoring,TPM,TPM Monitor 8,Kebribeyah Camp,Kebribeyah Camp Site 05,,9.139962,43.26949,"9.139962, 43.26949",55,Yes
SUB-01183,2026-01-07,January,Activity 3 Refugee Operations,GFD,Beneficiary Contact Monitoring,TPM,TPM Monitor 2,Kebribeyah Camp,Kebribeyah Camp Site 05,,9.139962,43.26949,"9.139962, 43.26949",40,Yes
SUB-01184,2026-01-09,January,Activity 3 Refugee Operations,GFD,Beneficiary Contact Monitoring,TPM,TPM Monitor 7,Kebribeyah Camp,Kebribeyah Camp Site 05,,9.139962,43.26949,"9.139962, 43.26949",12,Yes
SUB-01185,2026-01-23,January,Activity 3 Refugee Operations,GFD,Food Basket Monitoring,TPM,TPM Monitor 1,Kebribeyah Camp,Kebribeyah Camp Site 05,,9.139962,43.26949,"9.139962, 43.26949",35,Yes
SUB-01186,2026-01-26,January,Activity 3 Refugee Operations,GFD,Food Basket Monitoring,TPM,TPM Monitor 3,Kebribeyah Camp,Kebribeyah Camp Site 05,,9.139962,43.26949,"9.139962, 43.26949",23,Yes
SUB-01187,2026-01-14,January,Activity 3 Refugee Operations,GFD,Food Basket Monitoring,TPM,TPM Monitor 5,Kebribeyah Camp,Kebribeyah Camp Site 05,,9.139962,43.26949,"9.139962, 43.26949",62,Yes
SUB-01188,2026-01-15,January,Activity 3 Refugee Operations,GFD,Food Basket Monitoring,TPM,TPM Monitor 7,Kebribeyah Camp,Kebribeyah Camp Site 05,,9.139962,43.26949,"9.139962, 43.26949",52,Yes
SUB-01189,2026-01-28,January,Activity 3 Refugee Operations,GFD,Warehouse Monitoring,TPM,TPM Monitor 6,Kebribeyah Camp,Kebribeyah Camp Site 05,,9.139962,43.26949,"9.139962, 43.26949",28,Yes
SUB-01190,2026-01-19,January,Activity 3 Refugee Operations,GFD,Distribution Observation,TPM,TPM Monitor 5,Kebribeyah Camp,Kebribeyah Camp Site 05,,9.139962,43.26949,"9.139962, 43.26949",22,Yes
SUB-01191,2026-01-07,January,Activity 3 Refugee Operations,GFD,Partner Performance Monitoring,TPM,TPM Monitor 4,Kebribeyah Camp,Kebribeyah Camp Site 05,,9.139962,43.26949,"9.139962, 43.26949",16,Yes
SUB-01192,2026-01-23,January,Activity 3 Refugee Operations,School Feeding,Beneficiary Contact Monitoring,WFP,WFP Monitor 2,Sheder Camp,Sheder Camp Site 01,,9.56678,43.125597,"9.56678, 43.125597",17,Yes
SUB-01193,2026-01-08,January,Activity 3 Refugee Operations,School Feeding,Beneficiary Contact Monitoring,WFP,WFP Monitor 3,Sheder Camp,Sheder Camp Site 01,,9.56678,43.125597,"9.56678, 43.125597",36,Yes
SUB-01194,2026-01-19,January,Activity 3 Refugee Operations,School Feeding,Beneficiary Contact Monitoring,WFP,WFP Monitor 6,Sheder Camp,Sheder Camp Site 01,,9.56678,43.125597,"9.56678, 43.125597",34,Yes
SUB-01195,2026-01-08,January,Activity 3 Refugee Operations,School Feeding,Beneficiary Contact Monitoring,WFP,WFP Monitor 6,Sheder Camp,Sheder Camp Site 01,,9.56678,43.125597,"9.56678, 43.125597",57,Yes
SUB-01196,2026-01-11,January,Activity 3 Refugee Operations,School Feeding,Beneficiary Contact Monitoring,WFP,WFP Monitor 8,Sheder Camp,Sheder Camp Site 01,,9.56678,43.125597,"9.56678, 43.125597",27,Yes
SUB-01197,2026-01-19,January,Activity 3 Refugee Operations,School Feeding,Food Basket Monitoring,WFP,WFP Monitor 5,Sheder Camp,Sheder Camp Site 01,,9.56678,43.125597,"9.56678, 43.125597",62,Yes
SUB-01198,2026-01-08,January,Activity 3 Refugee Operations,School Feeding,Food Basket Monitoring,WFP,WFP Monitor 2,Sheder Camp,Sheder Camp Site 01,,9.56678,43.125597,"9.56678, 43.125597",18,Yes
SUB-01199,2026-01-26,January,Activity 3 Refugee Operations,School Feeding,Food Basket Monitoring,WFP,WFP Monitor 5,Sheder Camp,Sheder Camp Site 01,,9.56678,43.125597,"9.56678, 43.125597",60,Yes
SUB-01200,2026-01-27,January,Activity 3 Refugee Operations,School Feeding,Food Basket Monitoring,WFP,WFP Monitor 1,Sheder Camp,Sheder Camp Site 01,,9.56678,43.125597,"9.56678, 43.125597",21,Yes
SUB-01201,2026-01-15,January,Activity 3 Refugee Operations,School Feeding,Food Basket Monitoring,WFP,WFP Monitor 3,Sheder Camp,Sheder Camp Site 01,,9.56678,43.125597,"9.56678, 43.125597",13,Yes
SUB-01202,2026-01-27,January,Activity 3 Refugee Operations,School Feeding,Distribution Observation,WFP,WFP Monitor 4,Sheder Camp,Sheder Camp Site 01,,9.56678,43.125597,"9.56678, 43.125597",30,Yes
SUB-01203,2026-01-17,January,Activity 3 Refugee Operations,School Feeding,Beneficiary Contact Monitoring,WFP,WFP Monitor 1,Sheder Camp,Sheder Camp Site 02,,9.477931,43.133128,"9.477931, 43.133128",51,Yes
SUB-01204,2026-01-14,January,Activity 3 Refugee Operations,School Feeding,Beneficiary Contact Monitoring,WFP,WFP Monitor 5,Sheder Camp,Sheder Camp Site 02,,9.477931,43.133128,"9.477931, 43.133128",60,Yes
SUB-01205,2026-01-10,January,Activity 3 Refugee Operations,School Feeding,Beneficiary Contact Monitoring,WFP,WFP Monitor 1,Sheder Camp,Sheder Camp Site 02,,9.477931,43.133128,"9.477931, 43.133128",33,Yes
SUB-01206,2026-01-19,January,Activity 3 Refugee Operations,School Feeding,Beneficiary Contact Monitoring,WFP,WFP Monitor 4,Sheder Camp,Sheder Camp Site 02,,9.477931,43.133128,"9.477931, 43.133128",14,Yes
SUB-01207,2026-01-19,January,Activity 3 Refugee Operations,School Feeding,Beneficiary Contact Monitoring,WFP,WFP Monitor 2,Sheder Camp,Sheder Camp Site 02,,9.477931,43.133128,"9.477931, 43.133128",59,Yes
SUB-01208,2026-01-09,January,Activity 3 Refugee Operations,School Feeding,Beneficiary Contact Monitoring,WFP,WFP Monitor 2,Sheder Camp,Sheder Camp Site 02,,9.477931,43.133128,"9.477931, 43.133128",8,Yes
SUB-01209,2026-01-06,January,Activity 3 Refugee Operations,School Feeding,Food Basket Monitoring,WFP,WFP Monitor 4,Sheder Camp,Sheder Camp Site 02,,9.477931,43.133128,"9.477931, 43.133128",16,Yes
SUB-01210,2026-01-11,January,Activity 3 Refugee Operations,School Feeding,Food Basket Monitoring,WFP,WFP Monitor 7,Sheder Camp,Sheder Camp Site 02,,9.477931,43.133128,"9.477931, 43.133128",31,Yes
SUB-01211,2026-01-26,January,Activity 3 Refugee Operations,School Feeding,Food Basket Monitoring,WFP,WFP Monitor 2,Sheder Camp,Sheder Camp Site 02,,9.477931,43.133128,"9.477931, 43.133128",45,Yes
SUB-01212,2026-01-23,January,Activity 3 Refugee Operations,School Feeding,Food Basket Monitoring,WFP,WFP Monitor 5,Sheder Camp,Sheder Camp Site 02,,9.477931,43.133128,"9.477931, 43.133128",60,Yes
SUB-01213,2026-01-07,January,Activity 3 Refugee Operations,School Feeding,Warehouse Monitoring,WFP,WFP Monitor 1,Sheder Camp,Sheder Camp Site 02,,9.477931,43.133128,"9.477931, 43.133128",12,Yes
SUB-01214,2026-01-11,January,Activity 3 Refugee Operations,School Feeding,Distribution Observation,WFP,WFP Monitor 8,Sheder Camp,Sheder Camp Site 02,,9.477931,43.133128,"9.477931, 43.133128",59,Yes
SUB-01215,2026-01-09,January,Activity 3 Refugee Operations,School Feeding,Partner Performance Monitoring,WFP,WFP Monitor 2,Sheder Camp,Sheder Camp Site 02,,9.477931,43.133128,"9.477931, 43.133128",65,Yes
SUB-01216,2026-01-15,January,Activity 3 Refugee Operations,School Feeding,Beneficiary Contact Monitoring,WFP,WFP Monitor 2,Sheder Camp,Sheder Camp Site 03,,9.445902,43.063423,"9.445902, 43.063423",10,Yes
SUB-01217,2026-01-19,January,Activity 3 Refugee Operations,School Feeding,Beneficiary Contact Monitoring,WFP,WFP Monitor 1,Sheder Camp,Sheder Camp Site 03,,9.445902,43.063423,"9.445902, 43.063423",18,Yes
SUB-01218,2026-01-23,January,Activity 3 Refugee Operations,School Feeding,Beneficiary Contact Monitoring,WFP,WFP Monitor 7,Sheder Camp,Sheder Camp Site 03,,9.445902,43.063423,"9.445902, 43.063423",60,Yes
SUB-01219,2026-01-28,January,Activity 3 Refugee Operations,School Feeding,Beneficiary Contact Monitoring,WFP,WFP Monitor 7,Sheder Camp,Sheder Camp Site 03,,9.445902,43.063423,"9.445902, 43.063423",39,Yes
SUB-01220,2026-01-05,January,Activity 3 Refugee Operations,School Feeding,Beneficiary Contact Monitoring,WFP,WFP Monitor 7,Sheder Camp,Sheder Camp Site 03,,9.445902,43.063423,"9.445902, 43.063423",51,Yes
SUB-01221,2026-01-18,January,Activity 3 Refugee Operations,School Feeding,Food Basket Monitoring,WFP,WFP Monitor 3,Sheder Camp,Sheder Camp Site 03,,9.445902,43.063423,"9.445902, 43.063423",30,Yes
SUB-01222,2026-01-11,January,Activity 3 Refugee Operations,School Feeding,Food Basket Monitoring,WFP,WFP Monitor 3,Sheder Camp,Sheder Camp Site 03,,9.445902,43.063423,"9.445902, 43.063423",25,Yes
SUB-01223,2026-01-13,January,Activity 3 Refugee Operations,School Feeding,Food Basket Monitoring,WFP,WFP Monitor 8,Sheder Camp,Sheder Camp Site 03,,9.445902,43.063423,"9.445902, 43.063423",64,Yes
SUB-01224,2026-01-09,January,Activity 3 Refugee Operations,School Feeding,Warehouse Monitoring,WFP,WFP Monitor 1,Sheder Camp,Sheder Camp Site 03,,9.445902,43.063423,"9.445902, 43.063423",47,Yes
SUB-01225,2026-01-24,January,Activity 3 Refugee Operations,School Feeding,Distribution Observation,WFP,WFP Monitor 4,Sheder Camp,Sheder Camp Site 03,,9.445902,43.063423,"9.445902, 43.063423",49,Yes
SUB-01226,2026-01-14,January,Activity 3 Refugee Operations,School Feeding,Partner Performance Monitoring,WFP,WFP Monitor 8,Sheder Camp,Sheder Camp Site 03,,9.445902,43.063423,"9.445902, 43.063423",34,Yes
SUB-01227,2026-01-22,January,Activity 3 Refugee Operations,School Feeding,Beneficiary Contact Monitoring,WFP,WFP Monitor 8,Sheder Camp,Sheder Camp Site 04,,9.466025,43.085731,"9.466025, 43.085731",11,Yes
SUB-01228,2026-01-07,January,Activity 3 Refugee Operations,School Feeding,Beneficiary Contact Monitoring,WFP,WFP Monitor 5,Sheder Camp,Sheder Camp Site 04,,9.466025,43.085731,"9.466025, 43.085731",32,Yes
SUB-01229,2026-01-09,January,Activity 3 Refugee Operations,School Feeding,Beneficiary Contact Monitoring,WFP,WFP Monitor 7,Sheder Camp,Sheder Camp Site 04,,9.466025,43.085731,"9.466025, 43.085731",20,Yes
SUB-01230,2026-01-25,January,Activity 3 Refugee Operations,School Feeding,Beneficiary Contact Monitoring,WFP,WFP Monitor 4,Sheder Camp,Sheder Camp Site 04,,9.466025,43.085731,"9.466025, 43.085731",48,Yes
SUB-01231,2026-01-22,January,Activity 3 Refugee Operations,School Feeding,Food Basket Monitoring,WFP,WFP Monitor 1,Sheder Camp,Sheder Camp Site 04,,9.466025,43.085731,"9.466025, 43.085731",32,Yes
SUB-01232,2026-01-27,January,Activity 3 Refugee Operations,School Feeding,Food Basket Monitoring,WFP,WFP Monitor 6,Sheder Camp,Sheder Camp Site 04,,9.466025,43.085731,"9.466025, 43.085731",38,Yes
SUB-01233,2026-01-22,January,Activity 3 Refugee Operations,School Feeding,Food Basket Monitoring,WFP,WFP Monitor 8,Sheder Camp,Sheder Camp Site 04,,9.466025,43.085731,"9.466025, 43.085731",30,Yes
SUB-01234,2026-01-23,January,Activity 3 Refugee Operations,School Feeding,Food Basket Monitoring,WFP,WFP Monitor 6,Sheder Camp,Sheder Camp Site 04,,9.466025,43.085731,"9.466025, 43.085731",32,Yes
SUB-01235,2026-01-13,January,Activity 3 Refugee Operations,School Feeding,Warehouse Monitoring,WFP,WFP Monitor 3,Sheder Camp,Sheder Camp Site 04,,9.466025,43.085731,"9.466025, 43.085731",9,Yes
SUB-01236,2026-01-15,January,Activity 3 Refugee Operations,School Feeding,Distribution Observation,WFP,WFP Monitor 4,Sheder Camp,Sheder Camp Site 04,,9.466025,43.085731,"9.466025, 43.085731",9,Yes
SUB-01237,2026-01-13,January,Activity 3 Refugee Operations,School Feeding,Beneficiary Contact Monitoring,WFP,WFP Monitor 1,Sheder Camp,Sheder Camp Site 05,,9.662026,42.949291,"9.662026, 42.949291",59,Yes
SUB-01238,2026-01-20,January,Activity 3 Refugee Operations,School Feeding,Beneficiary Contact Monitoring,WFP,WFP Monitor 6,Sheder Camp,Sheder Camp Site 05,,9.662026,42.949291,"9.662026, 42.949291",57,Yes
SUB-01239,2026-01-23,January,Activity 3 Refugee Operations,School Feeding,Beneficiary Contact Monitoring,WFP,WFP Monitor 4,Sheder Camp,Sheder Camp Site 05,,9.662026,42.949291,"9.662026, 42.949291",18,Yes
SUB-01240,2026-01-08,January,Activity 3 Refugee Operations,School Feeding,Beneficiary Contact Monitoring,WFP,WFP Monitor 4,Sheder Camp,Sheder Camp Site 05,,9.662026,42.949291,"9.662026, 42.949291",50,Yes
SUB-01241,2026-01-12,January,Activity 3 Refugee Operations,School Feeding,Beneficiary Contact Monitoring,WFP,WFP Monitor 5,Sheder Camp,Sheder Camp Site 05,,9.662026,42.949291,"9.662026, 42.949291",42,Yes
SUB-01242,2026-01-28,January,Activity 3 Refugee Operations,School Feeding,Beneficiary Contact Monitoring,WFP,WFP Monitor 1,Sheder Camp,Sheder Camp Site 05,,9.662026,42.949291,"9.662026, 42.949291",56,Yes
SUB-01243,2026-01-12,January,Activity 3 Refugee Operations,School Feeding,Food Basket Monitoring,WFP,WFP Monitor 7,Sheder Camp,Sheder Camp Site 05,,9.662026,42.949291,"9.662026, 42.949291",30,Yes
SUB-01244,2026-01-10,January,Activity 3 Refugee Operations,School Feeding,Food Basket Monitoring,WFP,WFP Monitor 3,Sheder Camp,Sheder Camp Site 05,,9.662026,42.949291,"9.662026, 42.949291",23,Yes
SUB-01245,2026-01-23,January,Activity 3 Refugee Operations,School Feeding,Food Basket Monitoring,WFP,WFP Monitor 6,Sheder Camp,Sheder Camp Site 05,,9.662026,42.949291,"9.662026, 42.949291",59,Yes
SUB-01246,2026-01-28,January,Activity 3 Refugee Operations,School Feeding,Food Basket Monitoring,WFP,WFP Monitor 6,Sheder Camp,Sheder Camp Site 05,,9.662026,42.949291,"9.662026, 42.949291",45,Yes
SUB-01247,2026-01-05,January,Activity 3 Refugee Operations,School Feeding,Food Basket Monitoring,WFP,WFP Monitor 6,Sheder Camp,Sheder Camp Site 05,,9.662026,42.949291,"9.662026, 42.949291",44,Yes
SUB-01248,2026-01-23,January,Activity 3 Refugee Operations,School Feeding,Food Basket Monitoring,WFP,WFP Monitor 3,Sheder Camp,Sheder Camp Site 05,,9.662026,42.949291,"9.662026, 42.949291",44,Yes
SUB-01249,2026-01-11,January,Activity 3 Refugee Operations,School Feeding,Warehouse Monitoring,WFP,WFP Monitor 8,Sheder Camp,Sheder Camp Site 05,,9.662026,42.949291,"9.662026, 42.949291",42,Yes
SUB-01250,2026-01-14,January,Activity 3 Refugee Operations,School Feeding,Distribution Observation,WFP,WFP Monitor 3,Sheder Camp,Sheder Camp Site 05,,9.662026,42.949291,"9.662026, 42.949291",39,Yes
SUB-01251,2026-01-06,January,Activity 3 Refugee Operations,School Feeding,Partner Performance Monitoring,WFP,WFP Monitor 2,Sheder Camp,Sheder Camp Site 05,,9.662026,42.949291,"9.662026, 42.949291",11,Yes
